;ENGLISH;POLISH;RUSSIAN;FRENCH;GERMAN;SPANISH;BRASILIAN;CHINESE_SP;JAPANESE;KOREAN
buff_name/buff_geoscanner;Geoscan Buff;;Бафф геосканера;;Geoscan-Buff;;;地质扫描仪增益;;
buff_name/buff_magnetic_stabilizer;Mag. Stabilizer Buff;;Бафф магнитного стабилизатора;;Magnetfeldstabilisator-Buff;;;磁稳定器增益;;
buff_name/buff_morphium_power;Morph Power Buff;;Бафф силы морфия;;Morph-Power-Buff;;;金属转化增益;;
buff_name/buff_ore_mill;Ore Mill Buff;;Бафф рудодробилки;;Erzmühle-Buff;;;矿石磨机增益;;
buff_name/buff_power_grid_balancer;Energy Balancer;;Балансир энергосети;;Energieausgleicher;;;能源增益;;
gui/hud/buff_mod_max;Buff Max;;;;;;;;;
gui/hud/buff_mod_upkeep_min;Buff Min (Upkeep);;;;;;;;;
gui/hud/buff_participation;Buff Participation;;Участие в баффе;;;;;;;
gui/hud/building_description/alloys_factory;Produces alloys from cobalt and molten iron;;Производит сплавы из кобальта и расплавленного железа.;;Stellt Legierungen aus Kobalt und geschmolzenem Eisen her;;;使用钴和熔融铁生产合金;;
gui/hud/building_description/alloys_factory_palladium;Produces alloys from palladium and molten iron;;Производит сплавы из палладия и расплавленного железа.;;Stellt Legierungen aus Palladium und geschmolzenem Eisen her;;;使用钯和熔融铁生产合金;;
gui/hud/building_description/alloys_factory_titanium;Produces alloys from titanium and molten iron;;Производит сплавы из титана и расплавленного железа.;;Stellt Legierungen aus Titan und geschmolzenem Eisen her;;;使用钛和熔融铁生产合金;;
gui/hud/building_description/alloys_factory_uranium;Produces alloys from depleted uranium and molten iron;;Производит сплавы из обеднённого урана и расплавленного железа.;;Stellt Legierungen aus abgereichertem Uran und geschmolzenem Eisen her;;;使用贫铀和熔融铁生产合金;;
gui/hud/building_description/ammo_factory_energy_adv;Upgrades energy ammunition to advanced standard;;Улучшает энергетические боеприпасы до продвинутого стандарта.;;Verbessert Energiemunition auf fortgeschrittenen Standard;;;将能量弹药升级至高级标准;;
gui/hud/building_description/ammo_factory_energy_ext;Upgrades energy ammunition to top end standard;;Улучшает энергетические боеприпасы до высшего стандарта.;;Verbessert Energiemunition auf Spitzenstandard;;;将能量弹药升级至顶级标准;;
gui/hud/building_description/ammo_factory_explosive_adv;Upgrades explosive ammunition to advanced standard;;Улучшает взрывчатые боеприпасы до продвинутого стандарта.;;Rüstet Sprengmunition auf fortgeschrittenen Standard auf;;;将爆炸弹药升级至高级标准;;
gui/hud/building_description/ammo_factory_explosive_ext;Upgrades explosive ammunition to top end standard;;Улучшает взрывчатые боеприпасы до высшего стандарта.;;Rüstet Sprengmunition auf Spitzenstandard auf;;;将爆炸弹药升级至顶级标准;;
gui/hud/building_description/ammo_factory_explosive_liquid;Produces basic explosives and liquid ammunition;;Производит базовые взрывчатые вещества и жидкие боеприпасы.;;Stellt einfache Sprengstoffe und Flüssigmunition her;;;生产基础炸药和液体弹药;;
gui/hud/building_description/ammo_factory_highcaliber_adv;Upgrades high caliber ammunition to advanced standard;;Улучшает крупнокалиберные боеприпасы до продвинутого стандарта.;;Rüstet großkalibrige Munition auf fortgeschrittenen Standard auf;;;将大口径弹药升级至高级标准;;
gui/hud/building_description/ammo_factory_highcaliber_adv_molt;Produces advanced high caliber ammunition;;Производит продвинутые крупнокалиберные боеприпасы.;;Stellt fortgeschrittene großkalibrige Munition her;;;生产高级大口径弹药;;
gui/hud/building_description/ammo_factory_highcaliber_adv_molt_uranium;Produces advanced depleted uranium high caliber ammunition;;Производит продвинутые крупнокалиберные боеприпасы из обеднённого урана.;;Stellt fortgeschrittene großkalibrige Munition aus abgereichertem Uran her;;;生产高级贫铀大口径弹药;;
gui/hud/building_description/ammo_factory_highcaliber_adv_uranium;Upgrades high caliber ammunition to with depleted uranium to advanced standard;;Улучшает крупнокалиберные боеприпасы с обеднённым ураном до продвинутого стандарта.;;Rüstet großkalibrige Munition mit abgereichertem Uran auf fortgeschrittenen Standard auf;;;将大口径弹药升级为使用贫铀的高级标准;;
gui/hud/building_description/ammo_factory_highcaliber_adv_uranium_molt;Produces advanced depleted uranium high caliber ammunition;;Производит продвинутые крупнокалиберные боеприпасы из обеднённого урана.;;Stellt fortgeschrittene großkalibrige Munition aus abgereichertem Uran her;;;生产高级贫铀大口径弹药;;
gui/hud/building_description/ammo_factory_highcaliber_ext;Upgrades caliber ammunition  to top end standard;;Улучшает калиберные боеприпасы до высшего стандарта.;;Rüstet großkalibrige Munition auf Spitzenstandard auf;;;将大口径弹药升级至顶级标准;;
gui/hud/building_description/ammo_factory_highcaliber_ext_molt;Upgrades high caliber ammunition to top end standard;;Улучшает крупнокалиберные боеприпасы до высшего стандарта.;;Rüstet großkalibrige Munition auf Spitzenstandard auf;;;将大口径弹药升级至顶级标准;;
gui/hud/building_description/ammo_factory_liquid_adv;Upgrades liquid ammunition via carbonium and ferdonite as a key component to advanced standard;;Улучшает жидкие боеприпасы с использованием карбония и фердонита в качестве ключевого компонента до продвинутого стандарта.;;Rüstet flüssige Munition über Carbonium und Ferdonit als Schlüsselkomponente auf fortgeschrittenen Standard auf;;;使用碳和铁白云石作为关键成分，将液体弹药升级至高级标准;;
gui/hud/building_description/ammo_factory_liquid_adv_gas;Upgrades liquid ammunition via natural gas and ferdonite as a key component to advanced standard;;Улучшает жидкие боеприпасы с использованием природного газа и фердонита в качестве ключевого компонента до продвинутого стандарта.;;Rüstet flüssige Munition über Erdgas und Ferdonit als Schlüsselkomponente auf fortgeschrittenen Standard auf;;;使用天然气和铁白云石作为关键成分，将液体弹药升级至高级标准;;
gui/hud/building_description/ammo_factory_liquid_ext;Upgrades liquid ammunition to top end standard;;Улучшает жидкие боеприпасы до высшего стандарта.;;Rüstet flüssige Munition auf Spitzenstandard auf;;;将液体弹药升级至顶级标准;;
gui/hud/building_description/ammo_factory_lowcaliber_adv;Upgrades low caliber ammunition to advanced standard;;Улучшает малокалиберные боеприпасы до продвинутого стандарта.;;Rüstet kleinkalibrige Munition auf fortgeschrittenen Standard auf;;;将小口径弹药升级至高级标准;;
gui/hud/building_description/ammo_factory_lowcaliber_adv_molt;Produces advanced low caliber ammunition;;Производит продвинутые малокалиберные боеприпасы.;;Produziert fortgeschrittene kleinkalibrige Munition;;;生产高级小口径弹药;;
gui/hud/building_description/ammo_factory_lowcaliber_adv_molt_uranium;Produces advanced depleted uranium low caliber ammunition;;Производит продвинутые малокалиберные боеприпасы из обеднённого урана.;;Produziert fortgeschrittene kleinkalibrige Munition mit abgereichertem Uran;;;生产高级贫铀小口径弹药;;
gui/hud/building_description/ammo_factory_lowcaliber_adv_uranium;Upgrades low caliber ammunition to with depleted uranium to advanced standard;;Улучшает малокалиберные боеприпасы с обеднённым ураном до продвинутого стандарта.;;Verbessert Kleinkalibermunition mit abgereichertem Uran auf fortgeschrittenen Standard;;;将小口径弹药升级为使用贫铀的高级标准;;
gui/hud/building_description/ammo_factory_lowcaliber_adv_uranium_molt;Produces advanced depleted uranium low caliber ammunition;;Производит продвинутые малокалиберные боеприпасы из обеднённого урана.;;Produziert fortschrittliche Kleinkalibermunition mit abgereichertem Uran;;;生产高级贫铀小口径弹药;;
gui/hud/building_description/ammo_factory_lowcaliber_ext;Upgrades low caliber ammunition to top end standard;;Улучшает малокалиберные боеприпасы до высшего стандарта.;;Verbessert Kleinkalibermunition auf Spitzenstandard;;;将小口径弹药升级至顶级标准;;
gui/hud/building_description/ammo_factory_lowcaliber_ext_molt;Upgrades low caliber ammunition to top end standard;;Улучшает малокалиберные боеприпасы до высшего стандарта.;;Verbessert Kleinkalibermunition auf Spitzenstandard;;;将小口径弹药升级至顶级标准;;
gui/hud/building_description/ammo_factory_lowcaliber_highcaliber;Produces basic low and light caliber ammunition;;Производит базовые малокалиберные и лёгкие боеприпасы.;;Produziert einfache Kleinkalibermunition;;;生产基础小口径和大口径弹药;;
gui/hud/building_description/ammo_storage_energy;Stores portable energy cells for mech weapons;;Хранит портативные энергетические элементы для оружия меха.;;Lagert tragbare Energiezellen für Mech-Waffen;;;存储用于机甲武器的便携式能量电池;;
gui/hud/building_description/ammo_storage_explosive;Stores explosive ammunition;;Хранит взрывчатые боеприпасы.;;Lagert Sprengstoffmunition;;;存储爆炸弹药;;
gui/hud/building_description/ammo_storage_highcaliber;Stores large caliber ammunition;;Хранит крупнокалиберные боеприпасы.;;Lagert Großkalibermunition;;;存储大口径弹药;;
gui/hud/building_description/ammo_storage_liquid;Stores liquid ammunition;;Хранит жидкие боеприпасы.;;Lagert Flüssigmunition;;;存储液体弹药;;
gui/hud/building_description/ammo_storage_lowcaliber;Stores low caliber ammunition;;Хранит малокалиберные боеприпасы.;;Lagert Kleinkalibermunition;;;存储小口径弹药;;
gui/hud/building_description/ammonium_extractor;Extracts ammonium from nitric acid;;Извлекает аммоний из азотной кислоты.;;Gewinnt Ammonium aus Salpetersäure;;;从硝酸中提取铵;;
gui/hud/building_description/ammonium_synthesizer;Synthesizes ammonium from atmospheric nitrogen via the Haber-process. Flammable gas serves serves as hydrogen source. Yield depends on biome;;Синтезирует аммоний из атмосферного азота по процессу Габера. В качестве источника водорода используется горючий газ. Выход зависит от биома.;;Synthetisiert Ammonium aus atmosphärischem Stickstoff mittels des Haber-Verfahrens. Entzündliches Gas dient als Wasserstoffquelle.;;;通过哈柏法从大气氮中合成铵。可燃气体作为氢源。;;
gui/hud/building_description/ammonium_synthesizer_lvl_2;Improves the Haber process by cleaning the gas from sulfur residuals using water. Yield depends on biome;;Улучшает процесс Габера, очищая газ от сернистых остатков с помощью воды. Выход зависит от биома.;;Verbessert das Haber-Verfahren, indem das Gas mit Wasser von Schwefelrückständen gereinigt wird;;;通过使用水清除气体中的硫残留物，改进哈柏法。;;
gui/hud/building_description/bio_cobalt_refinery;Refines cobalt from bio-compounds and reagent fluid;;Рафинирует кобальт из биосоединений и реактивной жидкости.;;Raffiniert Kobalt aus Bioverbindungen und Reagenzflüssigkeit;;;从生物化合物和试剂液中精炼钴;;
gui/hud/building_description/bio_palladium_refinery;Refines palladium from bio-composites and plasma;;Рафинирует палладий из биокомпозитов и плазмы.;;Raffiniert Palladium aus Biokompositen und Plasma;;;从生物复合物和等离子体中精炼钯;;
gui/hud/building_description/bio_titanium_refinery;Refines titanium from bio-compounds and reagent fluid;;Рафинирует титан из биосоединений и реактивной жидкости.;;Raffiniert Titan aus Bioverbindungen und Reagenzflüssigkeit;;;从生物化合物和试剂液中精炼钛;;
gui/hud/building_description/bio_uranium_ore_refinery;Refines uranium ore from bio-compounds and nitric acid;;Рафинирует урановую руду из биосоединений и азотной кислоты.;;Raffiniert Uranerz aus Bioverbindungen und Salpetersäure;;;从生物化合物和硝酸中精炼铀矿;;
gui/hud/building_description/biomass_morphed_press;Extracts morphium from morphed biomass;;Извлекает морфий из изменённой биомассы.;;Gewinnt Morphium aus gemorphter Biomasse;;;从变异生物质中提取形变液;;
gui/hud/building_description/biomass_mycelium_press;Extracts fluorine from fluorine rich mycelium;;Извлекает фтор из богатого фтором мицелия.;;Gewinnt Fluor aus fluorhaltigem Myzel;;;从富含氟的菌丝体中提取氟;;
gui/hud/building_description/biomass_oil_press;Extracts petroleum from biooil rich biomass;;Извлекает нефть из биомассы, богатой бионефтью.;;Gewinnt Erdöl aus bioölhaltiger Biomasse;;;从富含生物油的生物质中提取石油;;
gui/hud/building_description/biomass_plant_press;Extracts sludge from plant biomass;;Извлекает шлам из растительной биомассы.;;Gewinnt Schlamm aus pflanzlicher Biomasse;;;从植物生物质中提取污泥;;
gui/hud/building_description/biomass_water_press;Extracts sludge from biooil;;Извлекает шлам из бионефти.;;Gewinnt Schlamm aus Bioöl;;;从生物油中提取污泥;;
gui/hud/building_description/bioreactor;Uses biological processes to decompose mud into sludge;;Использует биологические процессы для разложения грязи в шлам.;;Zersetzt Schlamm mithilfe biologischer Prozesse zu Schlamm;;;利用生物过程将泥浆分解为污泥;;
gui/hud/building_description/blast_furnace;Produces molten metal out of refined ironium;;Производит расплавленный металл из рафинированного ирония.;;Stellt geschmolzenes Metall aus raffiniertem Ironium her;;;从精炼铁中生产熔融金属;;
gui/hud/building_description/carbon_capture;Captures atmospheric carbon and binds it into natural deposits. Yield depends on biome;;Улавливает атмосферный углерод и связывает его в природные отложения. Выход зависит от биома.;;CO2-Abscheidungs-Anlage;;;;;
gui/hud/building_description/carbonium_powerplant_renewable;Must be built on top of Carbonium ore deposit. Reagent renders the deposit renewable and does not consume it. Can use only unrefined Carbonium straight from the ground.;;Должно быть построено поверх месторождения карбония. Реагент делает месторождение возобновляемым и не расходует его. Можно использовать только нерафинированный карбоний прямо из земли.;;Muss auf einem Carbonium-Erzvorkommen errichtet werden. Reagenz macht die Lagerstätte erneuerbar und verbraucht sie nicht. Kann nur unraffiniertes Carbonium direkt aus dem Boden verwenden.;;;必须建造在碳矿床上。试剂使矿床可再生且不会消耗它。只能使用直接从地下开采的未精炼碳。;;
gui/hud/building_description/carbonizer;Synthethise carbon from carbon rich gases or liquids;;Синтезирует углерод из газов или жидкостей, богатых углеродом.;;Synthesiert Kohlenstoff aus kohlenstoffreichen Gasen oder Flüssigkeiten;;;从富含碳的气体或液体中合成碳;;
gui/hud/building_description/crystalizer_ferdonite;Crystallizes Ferdonite from Carbonium and Water. Requires carbonium deposit as crystal seed but does not consume the deposit.;;Кристаллизует фердонит из карбония и воды. Требует месторождение карбония в качестве затравки кристалла, но не расходует его.;;Kristallisiert Ferdonit aus Carbonium und Wasser. Benötigt Carbonium-Lagerstätte als Kristallkeim, verbraucht die Lagerstätte jedoch nicht.;;;从碳和水结晶出铁白云石。需要碳矿床作为晶种，但不消耗矿床。;;
gui/hud/building_description/crystalizer_ferdonite_lvl_2;Crystallizes Ferdonite from Carbonium Water and Super-coolant Requires carbonium deposit as crystal seed but does not consume the deposit.;;Кристаллизует фердонит из карбония, воды и суперохладителя. Требует месторождение карбония в качестве затравки, но не расходует его.;;Kristallisiert Ferdonit aus Carbonium-Wasser und Superkühlmittel. Benötigt Carbonium-Lagerstätte als Kristallkeim, verbraucht die Lagerstätte jedoch nicht.;;;从碳、水和超级冷却剂中结晶出铁白云石。需要碳矿床作为晶种，但不消耗矿床。;;
gui/hud/building_description/crystalizer_ferdonite_lvl_3;Crystallizes Ferdonite from Carbonium Water and Super-coolant Requires carbonium deposit as crystal seed but does not consume the deposit.;;Кристаллизует фердонит из карбония, воды и суперохладителя. Требует месторождение карбония в качестве затравки, но не расходует его.;;Kristallisiert Ferdonit aus Carboniumwasser und Superkühlmittel. Benötigt eine Carboniumlagerstätte als Kristallkeim, verbraucht die Lagerstätte jedoch nicht.;;;从碳、水和超级冷却剂中结晶出铁白云石。需要碳矿床作为晶种，但不消耗矿床。;;
gui/hud/building_description/crystalizer_hazenite;Crystallizes Hazenite from Ironium and Fluorine. Requires ironium deposit as crystal seed but does not consume the deposit.;;Кристаллизует хазенит из ирония и фтора. Требует месторождение ирония в качестве затравки, но не расходует его.;;Kristallisiert Hazenit aus Ironium und Fluor. Benötigt eine Ironiumlagerstätte als Kristallkeim, verbraucht die Lagerstätte jedoch nicht.;;;从铁和氟中结晶出黑森矿。需要铁矿床作为晶种，但不消耗矿床。;;
gui/hud/building_description/crystalizer_hazenite_lvl_2;Crystallizes Hazenite from Ironium Fluorine and Reagent. Requires ironium deposit as crystal seed but does not consume the deposit.;;Кристаллизует хазенит из ирония, фтора и реагента. Требует месторождение ирония в качестве затравки, но не расходует его.;;Kristallisiert Hazenit aus Ironium, Fluor und Reagenz. Benötigt eine Ironiumlagerstätte als Kristallkeim, verbraucht die Lagerstätte jedoch nicht.;;;从铁、氟和试剂中结晶出黑森矿。需要铁矿床作为晶种，但不消耗矿床。;;
gui/hud/building_description/crystalizer_hazenite_lvl_3;Crystallizes Hazenite from Ironium Fluorine and Reagent. Requires ironium deposit as crystal seed but does not consume the deposit.;;Кристаллизует хазенит из ирония, фтора и реагента. Требует месторождение ирония в качестве затравки, но не расходует его.;;Kristallisiert Hazenit aus Ironium, Fluor und Reagenz. Benötigt Ironium-Ablagerung als Kristallkeim, verbraucht die Ablagerung jedoch nicht.;;;从铁、氟和试剂中结晶出黑森矿。需要铁矿床作为晶种，但不消耗矿床。;;
gui/hud/building_description/crystalizer_rhodonite;Crystallizes Rhodonite from Ironium and Fluorine. Requires carbonium deposit as crystal seed but does not consume the deposit.;;Кристаллизует родонит из ирония и фтора. Требует месторождение карбония в качестве затравки, но не расходует его.;;Kristallisiert Rhodonit aus Ironium und Fluor. Benötigt Carbonium-Ablagerung als Kristallkeim, verbraucht die Ablagerung jedoch nicht.;;;从铁和氟中结晶出蔷薇辉石。需要碳矿床作为晶种，但不消耗矿床。;;
gui/hud/building_description/crystalizer_rhodonite_lvl_2;Crystallizes Rhodonite from Ironium Fluorine and Nitric Acid. Requires carbonium deposit as crystal seed but does not consume the deposit.;;Кристаллизует родонит из ирония, фтора и азотной кислоты. Требует месторождение карбония в качестве затравки, но не расходует его.;;Kristallisiert Rhodonit aus Ironium, Fluor und Salpetersäure. Benötigt Carbonium-Ablagerung als Kristallkeim, verbraucht die Ablagerung jedoch nicht.;;;从铁、氟和硝酸中结晶出蔷薇辉石。需要碳矿床作为晶种，但不消耗矿床。;;
gui/hud/building_description/crystalizer_rhodonite_lvl_3;Crystallizes Rhodonite from Ironium Fluorine and Nitric Acid. Requires carbonium deposit as crystal seed but does not consume the deposit.;;Кристаллизует родонит из ирония, фтора и азотной кислоты. Требует месторождение карбония в качестве затравки, но не расходует его.;;Kristallisiert Rhodonit aus Ironium, Fluor und Salpetersäure. Benötigt Carbonium-Vorkommen als Kristallkeim, verbraucht das Vorkommen jedoch nicht.;;;从铁、氟和硝酸中结晶出蔷薇辉石。需要碳矿床作为晶种，但不消耗矿床。;;
gui/hud/building_description/crystalizer_tanzanite;Crystallizes Tanzanite from Ammonium and Flammable Gas. Requires ammonium deposit as crystal seed but does not consume the deposit.;;Кристаллизует танзанит из аммония и горючего газа. Требует месторождение аммония в качестве затравки, но не расходует его.;;Kristallisiert Tansanit aus Ammonium und brennbarem Gas. Benötigt Ammonium-Vorkommen als Kristallkeim, verbraucht das Vorkommen jedoch nicht.;;;从铵和可燃气体中结晶出坦桑石。需要铵矿床作为晶种，但不消耗矿床。;;
gui/hud/building_description/crystalizer_tanzanite_lvl_2;Crystallizes Tanzanite from Ammonium Flammable Gas and Plasma. Requires ammonium deposit as crystal seed but does not consume the deposit.;;Кристаллизует танзанит из аммония, горючего газа и плазмы. Требует месторождение аммония в качестве затравки, но не расходует его.;;Kristallisiert Tansanit aus Ammonium, brennbarem Gas und Plasma. Benötigt Ammonium-Vorkommen als Kristallkeim, verbraucht das Vorkommen jedoch nicht.;;;从铵、可燃气和等离子体中结晶出坦桑石。需要铵矿床作为晶种，但不消耗矿床。;;
gui/hud/building_description/crystalizer_tanzanite_lvl_3;Crystallizes Tanzanite from Ammonium Flammable Gas and Plasma. Requires ammonium deposit as crystal seed but does not consume the deposit.;;Кристаллизует танзанит из аммония, горючего газа и плазмы. Требует месторождение аммония в качестве затравки, но не расходует его.;;Kristallisiert Tansanit aus Ammonium, brennbarem Gas und Plasma. Benötigt Ammoniumvorkommen als Kristallkeim, verbraucht das Vorkommen jedoch nicht.;;;从铵、可燃气和等离子体中结晶出坦桑石。需要铵矿床作为晶种，但不消耗矿床。;;
gui/hud/building_description/energy_connector_armored;An armored but more expensive variant of the energy connector;;Бронированный, но более дорогой вариант энергетического соединителя.;;Eine gepanzerte, aber teurere Variante des Energieverbinders;;;能量连接器的装甲但更昂贵的变体;;
gui/hud/building_description/energy_connector_water;Energy connector on platform that can be placed on liquids pools;;Энергетический соединитель на платформе, которую можно размещать на водоёмах.;;Energieverbinder auf einer Plattform, die auf Flüssigkeitsbecken platziert werden kann;;;平台上的能量连接器，可放置在液体池上;;
gui/hud/building_description/energy_enhancer;Significantly enhances energy output of nearby energy producers.;;;;;;;;;
gui/hud/building_description/energy_storage_new;A battery that balances the energy gird improving nearby power production Best used with intermittent power sources like Solar Panels to create an energy buffer.;;Аккумулятор, балансирующий энергосеть и улучшающий выработку энергии поблизости. Лучше всего использовать с непостоянными источниками, например солнечными панелями, для создания энергетического буфера.;;Eine Batterie, die das Energienetz ausgleicht und die Stromerzeugung in der Umgebung verbessert. Am besten in Verbindung mit intermittierenden Energiequellen wie Solarpanels einsetzbar, um einen Energiespeicher zu schaffen.;;;能源储存设施。可以增强风能、太阳能。;;
gui/hud/building_description/fire_control_station;Powers up/down defense buildings depending on if enemies are in vicinity or not;;Включает/выключает оборонительные сооружения в зависимости от наличия врагов поблизости.;;Schaltet Verteidigungsgebäude ein oder aus, je nachdem, ob sich Feinde in der Nähe befinden oder nicht;;;根据附近是否有敌人来启动/关闭防御建筑;;
gui/hud/building_description/fire_control_station_artillery;Powers up/down long range artillery towers depending on if enemies are in vicinity or not. Much wieder detection range then regular fire control stations;;Включает/выключает башни дальней артиллерии в зависимости от наличия врагов поблизости. Радиус обнаружения намного больше, чем у обычных станций управления огнём.;;Schaltet Langstrecken-Artillerietürme ein oder aus, je nachdem, ob sich Feinde in der Nähe befinden oder nicht. Viel größere Erkennungsreichweite als normale Feuerleitstellen;;;根据附近是否有敌人来启动/关闭远程炮塔。检测范围比普通火力控制站大得多;;
gui/hud/building_description/fluorine_trap;Captures atmospheric fluorine compounds from atmosphere. Yield depends on biome;;Улавливает фтористые соединения из атмосферы. Выход зависит от биома.;;Fängt Fluorverbindungen aus der Atmosphäre auf;;;从大气中捕获氟化合物;;
gui/hud/building_description/fluorine_trap_lvl_2;Captures atmospheric fluorine compounds from atmosphere. Improved for fluorine rich environments. Yield depends on biome;;Улавливает фтористые соединения из атмосферы. Улучшена для сред, богатых фтором. Выход зависит от биома.;;Fängt Fluorverbindungen aus der Atmosphäre auf. Optimiert für fluorreiche Umgebungen;;;从大气中捕获氟化合物。针对富含氟的环境进行了改进;;
gui/hud/building_description/fusion_powerplant_lvl_3_new;Very large energy output. Produces plasma resource as a byproduct. REQUIRES magnetic stabilizer for operation;;Очень большая выработка энергии. В качестве побочного продукта производится плазма. ТРЕБУЕТ магнитный стабилизатор для работы.;;Sehr hohe Energieausbeute. Erzeugt als Nebenprodukt Plasma. BENÖTIGT einen magnetischen Stabilisator für den Betrieb;;;非常巨大的能量输出。副产物为等离子体资源。需要磁稳定器才能运行;;
gui/hud/building_description/gas_ionizer;Ionizes input gas into plasma;;Ионизирует входной газ в плазму.;;Ionisiert das zugeführte Gas zu Plasma;;;将输入气体电离成等离子体;;
gui/hud/building_description/geoscanner;Provides detailed mappings of underground deposits. This increases yield of nearby geothermal & gas and liquid extractors;;Предоставляет детальные карты подземных месторождений. Увеличивает добычу близлежащих геотермальных, газовых и жидкостных экстракторов.;;Liefert detaillierte Kartierungen unterirdischer Vorkommen. Dies steigert den Ertrag benachbarter Geothermie- sowie Gas- und Flüssigkeitsförderanlagen;;;提供地下矿藏的详细分布图。这能提升附近的地热、气体与液体提取器产量。;;
gui/hud/building_description/heat_charger;Uses extreme ambient heat to ionize air into supercharged plasma;;Использует экстремальное тепло окружающей среды для ионизации воздуха в суперзаряженную плазму.;;Nutzt extreme Umgebungswärme, um Luft zu hochenergetischem Plasma zu ionisieren;;;利用极端环境热量将空气电离成超级带电等离子体;;
gui/hud/building_description/heavy_water_plant;Separates heavy water and extracts deuterium from it;;Разделяет тяжёлую воду и извлекает из неё дейтерий.;;Trennt schweres Wasser auf und gewinnt daraus Deuterium;;;分离重水并从中提取氘;;
gui/hud/building_description/heavy_water_reactor;A Nuclear Powerplant variant able to use unenriched raw uranium. Requires deuterium based heavy water as moderator and coolant;;Вариант атомной электростанции, способный использовать необогащённый сырой уран. Требует тяжёлую воду на основе дейтерия в качестве замедлителя и охладителя.;;Eine Variante eines Kernkraftwerks, die nicht angereichertes Rohuran verwenden kann. Benötigt deuteriumhaltiges Schwerwasser als Moderator und Kühlmittel;;;一座能够使用未富集的原生铀的核电站变体。需要使用基于氘的重水作为慢化剂和冷却剂。;;
gui/hud/building_description/ionizer_lvl_2;Ionizes gas into a hot plasma;;Ионизирует газ в горячую плазму.;;Ionisiert Gas zu heißem Plasma;;;将气体电离成热等离子体;;
gui/hud/building_description/ionizer_lvl_3;Ionizes gas into a hot plasma. Most efficient process uses palladium.;;Ионизирует газ в горячую плазму. Самый эффективный процесс использует палладий.;;Ionisiert Gas zu heißem Plasma. Der effizienteste Prozess verwendet Palladium.;;;将气体电离成热等离子体。最高效的工艺使用钯。;;
gui/hud/building_description/irradiator;Irradiates materials with high energy EM-radiation to produce radioactive isotopes then bundled into fissonium flux;;Облучает материалы высокоэнергетическим электромагнитным излучением для получения радиоактивных изотопов, затем объединяет их в поток фиссония.;;Bestrahlt Materialien mit hochenergetischer EM-Strahlung, um radioaktive Isotope zu erzeugen, die dann zu Fissionium-Fluss gebündelt werden;;;使用高能电磁辐射照射材料，以生产放射性同位素，随后将其封装成裂变通量束;;
gui/hud/building_description/large_solid_material_storage_basic;Storage building for all basic construction and ammunition production materials;;Хранилище для всех базовых строительных материалов и материалов для производства боеприпасов.;;Lagergebäude für alle grundlegenden Bau- und Munitionsproduktionsmaterialien;;;存储所有基础建筑和弹药生产材料的大型仓库;;
gui/hud/building_description/large_solid_material_storage_other;Storage building for any other solid materials found and harvested on Galatea;;Хранилище для любых других твёрдых материалов, найденных и добытых на Галатее.;;Lagergebäude für alle anderen festen Materialien, die auf Galatea gefunden und abgebaut werden;;;存储伽拉忒亚上发现和采集的任何其他固体材料的大型仓库;;
gui/hud/building_description/large_solid_material_storage_rare;Storage building for rare metals;;Хранилище для редких металлов.;;Lagergebäude für seltene Metalle;;;存储稀有金属的大型仓库;;
gui/hud/building_description/liquid_material_storage_large;Stores large quantities of liquid materials;;Хранит большие объёмы жидких материалов.;;Lagert große Mengen an flüssigen Materialien;;;存储大量液体材料;;
gui/hud/building_description/liquid_material_storage_small;Stores liquid materials in a minimal space;;Хранит жидкие материалы в минимальном пространстве.;;Lagert flüssige Materialien auf minimalem Raum;;;在最小空间内存储液体材料;;
gui/hud/building_description/liquid_pumpjack;Pumpjack able to pump liquids from deep wells. Must be placed on underground veins.;;Насосная установка, способная качать жидкости из глубоких скважин. Должна размещаться на подземных жилах.;;Pumpjack, das Flüssigkeiten aus tiefen Brunnen pumpen kann;;;一台能够从深井中泵取液体的抽油机。;;
gui/hud/building_description/magnetic_stabilizer;Magnetic Stabilizers that are necessary to open long-range portal in the Rift Station. The Stabilizer negates the irregularities in the electromagnetic field from which also fusion reactors and plasma convertors benefit by an increased +25% yield;;Магнитные стабилизаторы, необходимые для открытия портала дальнего действия на станции Разлома. Стабилизатор устраняет нерегулярности электромагнитного поля, благодаря чему термоядерные реакторы и плазменные преобразователи получают прибавку к выходу +25%.;;Magnetische Stabilisatoren, die zum Öffnen eines Fernportals in der Rift-Station erforderlich sind. Der Stabilisator gleicht die Unregelmäßigkeiten im elektromagnetischen Feld aus, wovon auch Fusionsreaktoren und Plasmakonverter durch einen um +25 % erhöhten Ertrag profitieren;;;磁稳定器，用于在裂谷站打开远程传送门。稳定器可消除电磁场的不规则性，聚变反应堆和等离子体转换器也因此受益，产量增加+25%;;
gui/hud/building_description/magnetic_stabilizer_alien;A different approach to the problem of stabilizing the Rift Station Portal. Emulating the behavioral properties of magnetic boulders from which also fusion reactors and plasma convertors benefit by an increased +50% yield;;Альтернативный подход к стабилизации портала станции Разлома. Имитирует свойства магнитных валунов, увеличивая выход термоядерных реакторов и плазменных преобразователей на +50%.;;Ein anderer Ansatz zur Stabilisierung des Portals der Rift-Station. Emuliert die Verhaltenseigenschaften magnetischer Felsbrocken, von denen auch Fusionsreaktoren und Plasmakonverter durch einen um +50 % erhöhten Ertrag profitieren;;;解决稳定裂谷站传送门问题的另一种方法。模拟磁性巨石的行为特性，聚变反应堆和等离子体转换器也因此受益，产量增加+50%;;
gui/hud/building_description/metal_extractor;Complex utilizing rhodonite to stabilize ironium growth, unified with a strip mine and a blast furnace;;Комплекс, использующий родонит для стабилизации роста ирония, объединённый с карьером и доменной печью.;;;;;;;
gui/hud/building_description/mining_drill;Mines underground deposits. Slow but efficient but reduced ore mill effect;;Добывает подземные ресурсы. Медленно, но эффективно, с пониженным эффектом рудодробилки.;;"Ermöglicht den Abbau unterirdischer Rohstoffadern. Langsam aber effizient; kann Erzmühle nur teilweise nutzten";;;可开采地下资源矿脉。;;
gui/hud/building_description/mining_drill_lvl_2;Mines underground deposits. Slightly reduced ore mill effect;;Добывает подземные ресурсы. Слегка сниженный эффект рудодробилки.;;Ermöglicht den Abbau unterirdischer Rohstoffadern. Etwas verringerter Erzmühlen Effekt;;;可开采地下资源矿脉。;;
gui/hud/building_description/mining_drill_lvl_3;Mines underground deposits. REQUIRES: ore mill to operate;;Добывает подземные ресурсы. ТРЕБУЕТ: рудодробилку для работы.;;Ermöglicht den Abbau unterirdischer Rohstoffadern. VORAUSSETZUNG: Erzmühle für den Betrieb;;;可开采地下资源矿脉。需要矿石磨机才能运行。;;
gui/hud/building_description/moisture_trap;Captures moisture from the air and provides low amount of water;;Улавливает влагу из воздуха и даёт небольшое количество воды.;;Fängt Feuchtigkeit aus der Luft auf und liefert eine geringe Menge Wasser;;;从空气中捕获水分，提供少量水;;
gui/hud/building_description/morphium_factory;Synthetic production of Morphium from a mix of heavy radioactive isotopes contained in Fissonium Flux;;Синтетическое производство морфия из смеси тяжёлых радиоактивных изотопов, содержащихся в потоке фиссония.;;Synthetische Herstellung von Morphium aus einer Mischung schwerer radioaktiver Isotope, die in Fissonium-Flux enthalten sind;;;利用裂变通量束中所含的多种重放射性同位素混合物，人工合成变形素。;;
gui/hud/building_description/nitric_acid_refinery;Extracts nitric acid from biomatter;;Извлекает азотную кислоту из биоматерии.;;Gewinnt Salpetersäure aus Biomaterie;;;从生物质中提取硝酸;;
gui/hud/building_description/nitric_acid_refinery_lvl_2;Extracts nitric acid from biomatter;;Извлекает азотную кислоту из биоматерии.;;Gewinnt Salpetersäure aus Biomaterie;;;从生物质中提取硝酸;;
gui/hud/building_description/nitric_acid_refinery_lvl_3;Extracts nitric acid from biomatter;;Извлекает азотную кислоту из биоматерии.;;Gewinnt Salpetersäure aus Biomaterie;;;从生物质中提取硝酸;;
gui/hud/building_description/nitrification_plant;Processes ammonium into nitric acid;;Перерабатывает аммоний в азотную кислоту.;;Verarbeitet Ammonium zu Salpetersäure;;;从动物生物质中提取硝酸盐;;
gui/hud/building_description/nitrification_plant_lvl_2;Processes ammonium into nitric acid;;Перерабатывает аммоний в азотную кислоту.;;Verarbeitet Ammonium zu Salpetersäure;;;从动物生物质中提取硝酸盐;;
gui/hud/building_description/nitrification_plant_lvl_3;Processes ammonium into nitric acid;;Перерабатывает аммоний в азотную кислоту.;;Verarbeitet Ammonium zu Salpetersäure;;;从动物生物质中提取硝酸盐;;
gui/hud/building_description/nitrification_site;Processes raw ammonium directly from deposits into nitric acid;;Перерабатывает сырой аммоний непосредственно из месторождений в азотную кислоту.;;Verarbeitet Rohammonium direkt aus Lagerstätten zu Salpetersäure;;;将直接从矿藏中获取的原生铵盐加工成硝酸;;
gui/hud/building_description/offshore_wind_turbine;Larger wind turbine for offshore wind generation. Produces power when the wind blows;;Более крупная ветряная турбина для морской ветрогенерации. Вырабатывает энергию, когда дует ветер.;;Größere Windkraftanlage für die Offshore-Stromerzeugung. Erzeugt Strom, wenn der Wind weht;;;用于海上风力发电的大型风力涡轮机。在有风时即可发电。;;
gui/hud/building_description/ore_mill;The ore mill processed mined raw ore into minerals and therefore increasing yield of nearby strip and subsurface mines. Required by higher level mines for operation;;Рудодробилка перерабатывает добытую руду в минералы, увеличивая добычу близлежащих карьеров и шахт. Требуется для работы шахт высокого уровня.;;Die Erzmühle verarbeitete abgebautes Roherz zu Mineralien und steigerte dadurch den Ertrag benachbarter Tagebau- und Untertagebaubetriebe. Wird von Minen höherer Stufen für den Betrieb benötigt;;;矿石磨机将开采的原矿加工成矿物，从而提高附近露天矿和地下矿的产量。高级矿山需要它才能运行;;
gui/hud/building_description/ore_mill_lvl_2;The ore mill processed mined raw ore into minerals and therefore increasing yield of nearby strip and subsurface mines by +50%;;Рудодробилка перерабатывает добытую руду в минералы, увеличивая добычу близлежащих карьеров и шахт на +50%.;;Die Erzmühle verarbeitet abgebautes Roherz zu Mineralien und erhöht dadurch den Ertrag benachbarter Tagebau- und Untertagebergwerke um +50 %;;;矿石磨机将开采的原矿加工成矿物，从而使附近露天矿和地下矿的产量提高+50%;;
gui/hud/building_description/ore_mill_lvl_3;The ore mill processed mined raw ore into minerals and therefore increasing yield of nearby strip and subsurface mines by +85%;;Рудодробилка перерабатывает добытую руду в минералы, увеличивая добычу близлежащих карьеров и шахт на +85%.;;Die Erzmühle verarbeitet abgebautes Roherz zu Mineralien und erhöht dadurch den Ertrag benachbarter Tagebau- und Untertagebergwerke um +85 %;;;矿石磨机将开采的原矿加工成矿物，从而使附近露天矿和地下矿的产量提高+85%;;
gui/hud/building_description/ore_mill_lvl_4;The ore mill processed mined raw ore into minerals and therefore increasing yield of nearby strip and subsurface mines by +125%;;Рудодробилка перерабатывает добытую руду в минералы, увеличивая добычу близлежащих карьеров и шахт на +125%.;;Die Erzmühle verarbeitet abgebautes Roherz zu Mineralien und erhöht dadurch den Ertrag benachbarter Tagebau- und Untertagebergwerke um +125 %;;;矿石磨机将开采的原矿加工成矿物，从而使附近露天矿和地下矿的产量提高+125%;;
gui/hud/building_description/petroleum_refinery;Refines petroleum into reagent and carbonium;;Рафинирует нефть в реагент и карбоний.;;Verarbeitet Erdöl zu Reagenz und Carbonium;;;将石油精炼成试剂和碳;;
gui/hud/building_description/petroleum_refinery_lvl_2;Refines petroleum into reagent and flammable gas;;Рафинирует нефть в реагент и горючий газ.;;Verarbeitet Erdöl zu Reagenz und brennbarem Gas;;;将石油精炼成试剂和可燃气体;;
gui/hud/building_description/planet_defense;Expanded planetary scanner with orbital defense laser satellites;;Расширенный планетарный сканер с орбитальными оборонительными лазерными спутниками.;;Erweiterter Planetenscanner mit Laser-Satelliten zur Orbitalverteidigung;;;扩展的行星扫描仪，配备轨道防御激光卫星;;
gui/hud/building_description/plasma_converter_lvl_3_new;Converts Plasma into Supercharged Plasma by using large amounts of energy. REQUIRES magnetic stabilizer for operation;;Преобразует плазму в суперзаряженную плазму с использованием большого количества энергии. ТРЕБУЕТ магнитный стабилизатор для работы.;;Wandelt Plasma unter Einsatz großer Energiemengen in überladenes Plasma um. BENÖTIGT einen magnetischen Stabilisator für den Betrieb;;;通过使用大量能量将等离子体转化为超级带电等离子体。需要磁稳定器才能运行;;
gui/hud/building_description/plasma_physics;Basics of plasma physics includes the generation by gas ionization;;Основы физики плазмы включают генерацию путём ионизации газа.;;Zu den Grundlagen der Plasmaphysik gehört die Erzeugung durch Gasionisierung;;;等离子体物理学基础，包括通过气体电离产生等离子体;;
gui/hud/building_description/plasma_physics_lvl_2;Advanced ionization techniques allow for higher yield generation;;Продвинутые методы ионизации позволяют получать больший выход.;;Fortgeschrittene Ionisierungstechniken ermöglichen eine höhere Ausbeute;;;高级电离技术可实现更高产量的等离子体产生;;
gui/hud/building_description/plasma_physics_lvl_3;Further optimization of ionization methods for maximum yield;;Дальнейшая оптимизация методов ионизации для максимального выхода.;;Weitere Optimierung der Ionisierungsmethoden für maximale Ausbeute;;;进一步优化电离方法以获得最大产量;;
gui/hud/building_description/reagent_condenser;Condenses hydro-fluorines into reagent liquid;;Конденсирует гидрофториды в жидкий реагент.;;Kondensiert Hydrofluorine zu Reagenzflüssigkeit;;;将氢氟化合物冷凝成试剂;;
gui/hud/building_description/reagent_refinery;produces reagent for chemical processing;;Производит реагент для химической обработки.;;Produziert Reagenz für die chemische Verarbeitung;;;生产用于化学加工的试剂;;
gui/hud/building_description/reagent_refinery_lvl_2;produces reagent for chemical processing;;Производит реагент для химической обработки.;;Produziert Reagenz für die chemische Verarbeitung;;;生产用于化学加工的试剂;;
gui/hud/building_description/reagent_refinery_lvl_3;produces reagent for chemical processing;;Производит реагент для химической обработки.;;Produziert Reagenz für die chemische Verarbeitung;;;生产用于化学加工的试剂;;
gui/hud/building_description/regenerating_extractor;Extracts resources from surface deposits via special mycelia and use of resin. This is much slower but long term sustainable extraction that does not deplete the deposit.;;Добывает ресурсы из поверхностных месторождений с помощью специального мицелия и смолы. Это намного медленнее, но устойчиво в долгосрочной перспективе и не истощает месторождение.;;Gewinnt Ressourcen aus Oberflächenvorkommen mittels spezieller Myzelien und unter Verwendung von Harz. Dies ist ein wesentlich langsamerer, aber langfristig nachhaltiger Abbau, der die Lagerstätte nicht erschöpft.;;;通过特殊菌丝体和树脂的使用，从地表矿床中提取资源。这种提取方式慢得多，但可持续长期进行，不会耗尽矿床。;;
gui/hud/building_description/repair_central;Repair Central;;Центр ремонта.;;Reparaturzentrale;;;维修中心;;
gui/hud/building_description/resin_factory;Synthetic production of resin. Requires deuterium as a key ingredient for cold fusion powered resin.;;Синтетическое производство смолы. Требует дейтерий в качестве ключевого ингредиента для смолы на основе холодного синтеза.;;Synthetische Herstellung von Harz. Benötigt Deuterium als Schlüsselbestandteil für durch Kaltfusion angetriebenes Harz.;;;人工合成树脂。该过程需要氘作为关键原料，以通过冷聚变动力来生产树脂。;;
gui/hud/building_description/resource_converter_cobalt;Uses morphium to convert iron into cobalt;;Использует морфий для превращения железа в кобальт.;;Verwendet Morphium, um Eisen in Kobalt umzuwandeln;;;使用形变液将铁转化为钴;;
gui/hud/building_description/resource_converter_ironium;Uses morphium to convert carbonium into ironium;;Использует морфий для превращения карбония в ироний.;;Verwendet Morphium, um Carbonium in Ironium umzuwandeln;;;;;
gui/hud/building_description/resource_converter_palladium;Uses morphium to convert cobalt into palladium;;Использует морфий для превращения кобальта в палладий.;;Verwendet Morphium, um Kobalt in Palladium umzuwandeln;;;使用形变液将钴转化为钯;;
gui/hud/building_description/resource_converter_titanium;Uses morphium to convert cobalt into titanium;;Использует морфий для превращения кобальта в титан.;;Verwendet Morphium, um Kobalt in Titan umzuwandeln;;;使用形变液将钴转化为钛;;
gui/hud/building_description/resource_converter_uranium;Uses morphium to convert depleted uranium into enriched uranium;;Использует морфий для превращения обеднённого урана в обогащённый уран.;;Verwendet Morphium, um abgereichertes Uran in angereichertes Uran umzuwandeln;;;利用形变液将贫铀转化为浓缩铀。;;
gui/hud/building_description/resource_converter_uranium_depleted;Uses morphium to convert ironium into depleted uranium;;Использует морфий для превращения ирония в обеднённый уран.;;Verwendet Morphium, um Ironium in abgereichertes Uran umzuwandeln;;;使用形变液将贫铀转化为浓缩铀。;;
gui/hud/building_description/rtg;A radioisotope thermoelectric generator is a nuclear energy source that convert radiation heat into electricity;;Радиоизотопный термоэлектрический генератор — это ядерный источник энергии, преобразующий теплоту излучения в электричество.;;Ein radioisotopischer thermoelektrischer Generator ist eine Kernenergiequelle, die Strahlungswärme in Elektrizität umwandelt;;;放射性同位素热电发电机是一种将辐射热转化为电能的核能来源;;
gui/hud/building_description/rtg_lvl_2;A cooled radioisotope thermoelectric generator for improved yield;;Охлаждаемый радиоизотопный термоэлектрический генератор для повышенной производительности.;;Ein gekühlter radioisotopischer thermoelektrischer Generator für verbesserten Ertrag;;;冷却型放射性同位素热电发电机，产量提高;;
gui/hud/building_description/rtg_lvl_3;A cooled radioisotope thermoelectric generator for improved yield;;Охлаждаемый радиоизотопный термоэлектрический генератор для повышенной производительности.;;Ein gekühlter radioisotopischer thermoelektrischer Generator für verbesserten Ertrag;;;冷却型放射性同位素热电发电机，产量提高;;
gui/hud/building_description/solid_material_storage_basic;Storage building for all basic construction and ammunition production materials;;Хранилище для всех базовых строительных материалов и материалов для производства боеприпасов.;;Lagergebäude für alle grundlegenden Bau- und Munitionsproduktionsmaterialien;;;存储所有基础建筑和弹药生产材料的仓库;;
gui/hud/building_description/solid_material_storage_other;Storage building for any other solid materials found and harvested on Galatea;;Хранилище для любых других твёрдых материалов, найденных и добытых на Галатее.;;Lagergebäude für alle anderen festen Materialien, die auf Galatea gefunden und abgebaut werden;;;存储伽拉忒亚上发现和采集的任何其他固体材料的仓库;;
gui/hud/building_description/solid_material_storage_rare;Storage building for rare metals;;Хранилище для редких металлов.;;Lagergebäude für seltene Metalle;;;存储稀有金属的仓库;;
gui/hud/building_description/solid_material_storage_underground;Underground storage facility for all solid materials;;Подземное хранилище для всех твёрдых материалов.;;Unterirdische Lagerstätte für alle festen Materialien;;;用于所有固体材料的地下存储设施;;
gui/hud/building_description/solvent_condenser;Condenses hydro-fluorines into solvent liquid;;Конденсирует гидрофториды в жидкий растворитель.;;Kondensiert Hydrofluorine zu Lösungsmittel;;;将氢氟化合物冷凝为溶剂;;
gui/hud/building_description/solvent_refinery;produces solvent for resource processing;;Производит растворитель для переработки ресурсов.;;Produziert Lösungsmittel für die Ressourcenverarbeitung;;;生产用于资源加工的溶剂;;
gui/hud/building_description/solvent_refinery_lvl_2;produces solvent for resource processing;;Производит растворитель для переработки ресурсов.;;Produziert Lösungsmittel für die Ressourcenverarbeitung;;;生产用于资源加工的溶剂;;
gui/hud/building_description/solvent_refinery_lvl_3;produces solvent for resource processing;;Производит растворитель для переработки ресурсов.;;Produziert Lösungsmittel für die Ressourcenverarbeitung;;;生产用于资源加工的溶剂;;
gui/hud/building_description/steel_seperator;Separates simple metals of out lava;;Отделяет простые металлы из лавы.;;Gewinnt einfache Metalle aus Lava;;;从熔岩中分离简单金属;;
gui/hud/building_description/steel_seperator_lvl_2;Separates metals of out lava including trace amounts of titanium;;Отделяет металлы из лавы, включая следовые количества титана.;;Gewinnt Metalle aus Lava, einschließlich Spuren von Titan;;;从熔岩中分离金属，包括微量钛;;
gui/hud/building_description/steel_seperator_lvl_3;Separates metals of out lava including low amounts of titanium;;Отделяет металлы из лавы, включая небольшие количества титана.;;Gewinnt Metalle aus Lava, einschließlich geringer Mengen an Titan;;;从熔岩中分离金属，包括少量钛;;
gui/hud/building_description/strip_mine;Mines resources from surface outcrops. Slow but efficient but reduced ore mill effect;;Добывает ресурсы из поверхностных выходов. Медленно, но эффективно, с пониженным эффектом рудодробилки.;;"Gewinnt Ressourcen aus oberirdischen Aufschlüssen. Langsam aber effizient; kann Erzmühle nur teilweise nutzten";;;从地表露天开采资源。;;
gui/hud/building_description/strip_mine_lvl_2;Mines resources from surface outcrops. Slightly reduced ore mill effect;;Добывает ресурсы из поверхностных выходов. Слегка сниженный эффект рудодробилки.;;Gewinnt Ressourcen aus oberirdischen Aufschlüssen. Etwas verringerter Erzmühlen Effekt;;;从地表露天开采资源。;;
gui/hud/building_description/strip_mine_lvl_3;Mines resources from surface outcrops. REQUIRES: ore mill to operate;;Добывает ресурсы из поверхностных выходов. ТРЕБУЕТ: рудодробилку для работы.;;Gewinnt Ressourcen aus oberirdischen Aufschlüssen. VORAUSSETZUNG: Erzmühle für den Betrieb;;;从地表露天开采资源。需要矿石磨机才能运行。;;
gui/hud/building_description/supercoolant_chem_plant;Produces coolant from gases;;Производит охладитель из газов.;;Stellt Kühlmittel aus Gasen her;;;从气体中生产冷却剂;;
gui/hud/building_description/supercoolant_chem_plant_lvl_2;Production of coolants on ammonium hydrocarbon basis;;Производство охладителей на основе аммонийных углеводородов.;;Herstellung von Kühlmitteln auf Ammonium-Kohlenwasserstoff-Basis;;;基于铵烃的冷却剂生产;;
gui/hud/building_description/supercoolant_chem_plant_lvl_3;Optimized production of coolants on ammonium hydrocarbon basis;;Оптимизированное производство охладителей на основе аммонийных углеводородов.;;Optimierte Herstellung von Kühlmitteln auf Ammonium-Kohlenwasserstoff-Basis;;;基于铵烃的优化冷却剂生产;;
gui/hud/building_description/supercoolant_refinery_lvl_2;Refines super-coolant More productive due to water basis;;Рафинирует суперохладитель. Более продуктивно благодаря водной основе.;;Raffiniert Superkühlmittel. Höhere Produktivität durch Wasserbasis;;;精炼超级冷却剂。基于水，生产效率更高;;
gui/hud/building_description/supercoolant_refinery_lvl_3;Refines super-coolant Most productive through titanium infusion;;Рафинирует суперохладитель. Наиболее продуктивно через введение титана.;;Raffiniert Superkühlmittel. Höchste Produktivität durch Titanzusatz;;;精炼超级冷却剂。通过注入钛，生产效率最高;;
gui/hud/building_description/thermal_ion_charger;Uses extreme heat energy of magma to ionize air into supercharged plasma;;Использует экстремальную тепловую энергию магмы для ионизации воздуха в суперзаряженную плазму.;;Nutzt die extreme Wärmeenergie des Magmas, um Luft in hochenergetisches Plasma zu ionisieren;;;利用岩浆的极端热能，将空气电离成超级带电等离子体;;
gui/hud/building_description/tower_artillery_acid;Artillery using piped resources to prepare rounds with acid payload;;Артиллерия, использующая ресурсы по трубам для подготовки снарядов с кислотным зарядом.;;Artillerie, die über Rohrleitungen zugeführte Ressourcen nutzt, um Geschosse mit Säurefüllung herzustellen;;;使用管道输送资源准备酸性弹药的炮塔;;
gui/hud/building_description/tower_artillery_napalm;Artillery using piped resources to prepare rounds with napalm payload;;Артиллерия, использующая ресурсы по трубам для подготовки снарядов с напалмовым зарядом.;;Artillerie, die über Rohrleitungen zugeführte Ressourcen nutzt, um Geschosse mit Napalmfüllung herzustellen;;;使用管道输送资源准备凝固汽油弹的炮塔;;
gui/hud/building_description/tower_artillery_propelled;Artillery using extra propellant to increase firing rage;;Артиллерия, использующая дополнительный метательный заряд для увеличения дальности стрельбы.;;Artillerie, die zusätzlichen Treibstoff nutzt, um die Schussreichweite zu erhöhen;;;使用额外推进剂增加射程的炮塔;;
gui/hud/building_description/tower_artillery_superpropelled;Artillery using extra reagent propellant to maximize firing rage;;Артиллерия, использующая дополнительный реагентный метательный заряд для максимизации дальности стрельбы.;;Artillerie, die zusätzlichen Reagenz-Treibstoff nutzt, um die Schussreichweite zu maximieren;;;使用额外试剂推进剂最大化射程的炮塔;;
gui/hud/building_description/tower_cannon;Fires high caliber rounds dealing significant damage per shot;;Стреляет крупнокалиберными снарядами, наносящими значительный урон за выстрел.;;Feuert großkalibrige Geschosse ab, die pro Schuss erheblichen Schaden verursachen;;;发射大口径炮弹，每发造成可观伤害;;
gui/hud/building_description/tower_cannon_acid;Fires high caliber rounds dealing significant damage per shot using piped resources to prepare acid coated rounds deal damage over time;;Стреляет крупнокалиберными снарядами с большим уроном за выстрел, используя ресурсы по трубам для подготовки снарядов с кислотным покрытием, наносящих урон с течением времени.;;"Feuert großkalibrige Geschosse ab, die pro Schuss erheblichen Schaden verursachen; nutzt über Rohrleitungen zugeführte Ressourcen, um säurebeschichtete Geschosse herzustellen, die Schaden über Zeit verursachen";;;发射大口径炮弹，每发造成可观伤害，使用管道输送资源准备酸性涂层炮弹，造成持续伤害;;
gui/hud/building_description/tower_cannon_cooled;Fires high caliber rounds dealing significant damage per shot cooled by piped coolant to increase rate of fire;;Стреляет крупнокалиберными снарядами с большим уроном за выстрел, охлаждаемыми подаваемым по трубам охладителем для увеличения скорострельности.;;Feuert großkalibrige Geschosse ab, die pro Schuss erheblichen Schaden verursachen, gekühlt durch geleitetes Kühlmittel, um die Feuerrate zu erhöhen;;;发射大口径炮弹，每发造成可观伤害，通过管道冷却剂冷却以提高射速;;
gui/hud/building_description/tower_cannon_cryo;Fires high caliber rounds dealing significant damage per shot using piped resources to prepare cryo infused rounds that slow targets;;Стреляет крупнокалиберными снарядами с большим уроном за выстрел, используя ресурсы по трубам для подготовки криоснарядов, замедляющих цели.;;Feuert großkalibrige Geschosse ab, die pro Schuss erheblichen Schaden verursachen, unter Verwendung von Ressourcen aus der Leitung zur Herstellung von kryogen behandelten Geschossen, die Ziele verlangsamen;;;发射大口径炮弹，每发造成可观伤害，使用管道输送资源准备冷冻注入炮弹，减速目标;;
gui/hud/building_description/tower_cannon_incindiary;Fires high caliber rounds dealing significant damage per shot using piped resources to prepare plasma charged rounds deal fire damage;;Стреляет крупнокалиберными снарядами с большим уроном за выстрел, используя ресурсы по трубам для подготовки плазменных снарядов, наносящих огненный урон.;;Feuert großkalibrige Geschosse ab, die pro Schuss erheblichen Schaden verursachen, unter Verwendung von Ressourcen aus der Leitung zur Herstellung von plasmagefüllten Geschossen, die Feuerschaden verursachen;;;发射大口径炮弹，每发造成可观伤害，使用管道输送资源准备等离子充能炮弹，造成火焰伤害;;
gui/hud/building_description/tower_cannon_small;Fires 20mm caliber rounds dealing low damage per shot using at a decent rate of fire;;Стреляет 20-мм снарядами, наносящими небольшой урон за выстрел, с приличной скорострельностью.;;Feuert 20-mm-Geschosse ab, die pro Schuss geringen Schaden verursachen, mit einer ordentlichen Feuerrate;;;发射20毫米口径炮弹，每发伤害较低，射速尚可;;
gui/hud/building_description/tower_cryo_spitter;This defensive tower covers the ground with super cooled cyro-fluid. It will freeze organic matter that comes in contact;;Эта оборонительная башня покрывает землю сверхохлаждённой криожидкостью. Замораживает органику, которая с ней соприкасается.;;Dieser Verteidigungsturm bedeckt den Boden mit tiefgekühlter Kryoflüssigkeit. Er friert organisches Material ein, das damit in Kontakt kommt;;;这座防御塔会在地面覆盖超低温冷冻液，接触到的有机物质将被冻结。;;
gui/hud/building_description/tower_drone_attack_lvl2_explosive;Spawns defensive drones which hoover in the tower's operational radius and attack rocket propelled explosives;;Порождает оборонительные дроны, которые парят в радиусе действия башни и атакуют ракетными взрывчатыми веществами.;;Erzeugt Verteidigungsdrohnen, die im Wirkungsradius des Turms schweben und mit raketenbetriebenen Sprengstoffen angreifen;;;生成防御无人机，在炮塔作战半径内悬浮，使用火箭推进炸药攻击;;
gui/hud/building_description/tower_drone_attack_lvl2_fire;Spawns defensive drones which hoover in the tower's operational radius and attack with incendiary ammunition;;Порождает оборонительные дроны, которые парят в радиусе действия башни и атакуют зажигательными боеприпасами.;;Erzeugt Verteidigungsdrohnen, die im Wirkungsradius des Turms schweben und mit Brandmunition angreifen;;;生成防御无人机，在炮塔作战半径内悬浮，使用燃烧弹药攻击;;
gui/hud/building_description/tower_drone_attack_lvl3;Spawns defensive drones which hoover in the tower's operational radius and attack with corrosive ammunition;;Порождает оборонительные дроны, которые парят в радиусе действия башни и атакуют коррозионными боеприпасами.;;Erzeugt Verteidigungsdrohnen, die im Wirkungsradius des Turms schweben und mit ätzender Munition angreifen;;;生成防御无人机，在炮塔作战半径内悬浮，使用腐蚀弹药攻击;;
gui/hud/building_description/tower_drone_attack_lvl3_cryo;Spawns defensive drones which hoover in the tower's operational radius and attack with cryogenic high caliber ammunition.;;Порождает оборонительные дроны, которые парят в радиусе действия башни и атакуют криогенными крупнокалиберными боеприпасами.;;Entsendet Verteidigungsdrohnen, die im Wirkungsradius des Turms schweben und mit kryogener Großkalibermunition angreifen.;;;生成防御无人机，在炮塔作战半径内悬浮，使用低温大口径弹药攻击;;
gui/hud/building_description/tower_drone_attack_lvl3_energy;Spawns defensive drones which hoover in the tower's operational radius and attack with lightning strikes;;Порождает оборонительные дроны, которые парят в радиусе действия башни и атакуют ударами молний.;;Entsendet Verteidigungsdrohnen, die im Wirkungsradius des Turms schweben und mit Blitzen angreifen;;;生成防御无人机，在炮塔作战半径内悬浮，使用闪电攻击;;
gui/hud/building_description/tower_fire_spitter;This defensive tower covers the ground with heated incendiary fluid. Anything that comes into contact with it will catch fire;;Эта оборонительная башня покрывает землю нагретой зажигательной жидкостью. Всё, что с ней соприкасается, загорается.;;Dieser Verteidigungsturm bedeckt den Boden mit erhitztem Brandfluid. Alles, was damit in Kontakt kommt, fängt Feuer;;;这座防御塔能向地面喷洒加热的燃烧液。任何接触到该液体的物体都会着火燃烧。;;
gui/hud/building_description/tower_flamer_cryo;Sprays deep freezing cryo fluid. Short range but very effective against numerous small enemies.;;Распыляет глубокоохлаждающую криожидкость. Малая дальность, но очень эффективна против множества мелких врагов.;;Versprüht tiefgefrierendes Kryofluid. Geringe Reichweite, aber sehr effektiv gegen zahlreiche kleine Gegner.;;;这座防御塔喷射出深度冷冻的低温液体。它的射程较短，但对于大量小型敌人（如步兵、小型生物或轻型单位）极为有效。;;
gui/hud/building_description/tower_hcm_acid;A silo housing a massive rocket launched vertically and aimed at distant targets. Once the rocket reaches destination it releases multiple explosive devices that cover a very large area with acidic substance;;Шахта с массивной ракетой, запускаемой вертикально и нацеленной на удалённые цели. По достижении цели ракета выпускает несколько взрывных устройств, покрывающих обширную территорию кислотным веществом.;;Ein Silo, in dem eine massive Rakete untergebracht ist, die vertikal abgeschossen wird und auf entfernte Ziele zielt. Sobald die Rakete ihr Ziel erreicht, setzt sie mehrere Sprengkörper frei, die einen sehr großen Bereich mit einer säurehaltigen Substanz bedecken;;;这个发射井内部装有一枚垂直发射、定向远距离目标的巨型火箭。当火箭抵达目的地后，会释放多个爆炸装置，覆盖广阔区域。此操作需要酸液供应。;;
gui/hud/building_description/tower_hcm_cryo;A silo housing a massive rocket launched vertically and aimed at distant targets. Once the rocket reaches destination it releases multiple explosive devices that cover a very large area with a cryogenic shock;;Шахта с массивной ракетой, запускаемой вертикально и нацеленной на удалённые цели. По достижении цели ракета выпускает несколько взрывных устройств, создающих криогенный удар на обширной территории.;;Ein Silo, in dem eine massive Rakete untergebracht ist, die vertikal abgeschossen wird und auf entfernte Ziele zielt. Sobald die Rakete ihr Ziel erreicht, setzt sie mehrere Sprengkörper frei, die einen sehr großen Bereich mit einem kryogenen Schock bedecken;;;这个发射井内部装有一枚垂直发射、定向远距离目标的巨型火箭。当火箭抵达目的地后，会释放多个爆炸装置，覆盖广阔区域。此操作需要冷却液供应。;;
gui/hud/building_description/tower_ice_big;Landlocked version of the floating piercer tower. Requires large upkeep of cooling liquid.;;Наземная версия плавучей башни-пронзателя. Требует больших затрат охлаждающей жидкости.;;Landgebundene Version des schwebenden Piercer-Turms. Erfordert einen hohen Verbrauch an Kühlflüssigkeit.;;;浮游穿刺塔的陆上版本。需要大量冷却液维持运行;;
gui/hud/building_description/tower_laser_cooled;Laser cooled by piped coolant to increase rate of fire;;Лазер, охлаждаемый подаваемым по трубам охладителем, для увеличения скорострельности.;;Laser, der durch ein Kühlmittelrohr gekühlt wird, um die Feuerrate zu erhöhen;;;通过管道冷却剂冷却的激光塔，提高射速;;
gui/hud/building_description/tower_laser_supercooled;Laser cooled by piped supercoolant to maximize rate of fire;;Лазер, охлаждаемый подаваемым по трубам суперохладителем, для максимизации скорострельности.;;Laser, der durch ein Superkühlmittelrohr gekühlt wird, um die Feuerrate zu maximieren;;;通过管道超级冷却剂冷却的激光塔，最大化射速;;
gui/hud/building_description/tower_laser_water;A floating variant of the laser tower utilizing local fluids for active cooling;;Плавающий вариант лазерной башни, использующий местные жидкости для активного охлаждения.;;Eine schwimmende Variante des Laserturms, die lokale Flüssigkeiten zur aktiven Kühlung nutzt;;;激光塔的浮动变体，利用当地液体进行主动冷却;;
gui/hud/building_description/tower_minigun_cooled;Minigun cooled by piped coolant to increase rate of fire;;Миниган, охлаждаемый подаваемым по трубам охладителем, для увеличения скорострельности.;;Minigun, die durch ein Kühlmittelrohr gekühlt wird, um die Feuerrate zu erhöhen;;;通过管道冷却剂冷却的机枪塔，提高射速;;
gui/hud/building_description/tower_minigun_frag;Large Minigun using cooling for optimal firepower and fragmentation rounds that hit multiple enemies per shot;;Крупный миниган, использующий охлаждение для оптимальной огневой мощи и осколочные снаряды, поражающие нескольких врагов за выстрел.;;Große Minigun mit Kühlung für optimale Feuerkraft und Splittergeschosse, die pro Schuss mehrere Gegner treffen;;;大型机枪塔，使用冷却获得最佳火力，发射破片弹药，每发可击中多个敌人;;
gui/hud/building_description/tower_minigun_platform;Minigun on a Platform for defending flooded areas - liquid cooled via environment;;Миниган на платформе для защиты затопленных территорий — жидкостное охлаждение за счёт окружающей среды.;;Minigun auf einer Plattform zur Verteidigung von überfluteten Gebieten – flüssigkeitsgekühlt durch die Umgebung;;;平台上的机枪塔，用于防御 flooded 区域 - 通过环境进行液体冷却;;
gui/hud/building_description/tower_minigun_supercooled;Minigun cooled by piped super-coolant to maximize rate of fire;;Миниган, охлаждаемый подаваемым по трубам суперохладителем, для максимизации скорострельности.;;Minigun, gekühlt durch ein über Leitungen zugeführtes Superkühlmittel zur Maximierung der Feuerrate;;;通过管道超级冷却剂冷却的机枪塔，最大化射速;;
gui/hud/building_description/tower_plasma_base;Plasma cannon uses energy to shoot plasma bolts that incinerate anything they come in contact with;;Плазменная пушка использует энергию для стрельбы плазменными болтами, которые испепеляют всё, с чем соприкасаются.;;Plasmakanone nutzt Energie, um Plasmabolzen abzufeuern, die alles verbrennen, mit dem sie in Kontakt kommen;;;等离子炮使用能量发射等离子束，点燃接触到的任何物体;;
gui/hud/building_description/tower_plasma_charged;Plasma cannon uses using pipes resources to additionally charge the bolts to increase damage;;Плазменная пушка использует ресурсы по трубам для дополнительной зарядки болтов, увеличивая урон.;;Plasmakanone nutzt Ressourcen aus den Leitungen, um die Bolzen zusätzlich aufzuladen und den Schaden zu erhöhen;;;等离子炮使用管道资源额外充能等离子束，增加伤害;;
gui/hud/building_description/tower_plasma_supercharged;Plasma cannon uses using pipes resources to super-charge bolts to maximize damage;;Плазменная пушка использует ресурсы по трубам для суперзарядки болтов, максимизируя урон.;;Plasmakanone nutzt Ressourcen aus den Leitungen, um die Bolzen extrem aufzuladen und den Schaden zu maximieren;;;等离子炮使用管道资源超级充能等离子束，最大化伤害;;
gui/hud/building_description/tower_railgun_cooled;Railgun using piped coolant for stable operation;;Рельсотрон, использующий подаваемый по трубам охладитель для стабильной работы.;;Railgun mit über Leitungen zugeführter Kühlflüssigkeit für einen stabilen Betrieb;;;使用管道冷却剂稳定运行的轨道炮;;
gui/hud/building_description/tower_railgun_large;Large Railgun using cooling for optimal firepower;;Крупный рельсотрон, использующий охлаждение для оптимальной огневой мощи.;;Große Railgun, die Kühlung für optimale Feuerkraft nutzt;;;使用冷却获得最佳火力的巨型轨道炮;;
gui/hud/building_description/tower_railgun_supercooled;Railgun using piped super-coolant for maximizing rate of fire;;Рельсотрон, использующий подаваемый по трубам суперохладитель для максимизации скорострельности.;;Railgun, die über Leitungen geführtes Superkühlmittel nutzt, um die Feuerrate zu maximieren;;;使用管道超级冷却剂最大化射速的轨道炮;;
gui/hud/building_description/tower_rockets_propelled;Rocket launcher using extra propellant to increase firing rage;;Ракетная установка, использующая дополнительный метательный заряд для увеличения дальности стрельбы.;;Raketenwerfer, der zusätzliches Treibmittel nutzt, um die Schussreichweite zu erhöhen;;;使用额外推进剂增加射程的火箭发射器;;
gui/hud/building_description/tower_rockets_superpropelled;Rocket launcher using extra reagent propellant to maximize firing rage;;Ракетная установка, использующая дополнительный реагентный метательный заряд для максимизации дальности стрельбы.;;Raketenwerfer, der zusätzliches Reagenz-Treibmittel nutzt, um die Schussreichweite zu maximieren;;;使用额外试剂推进剂最大化射程的火箭发射器;;
gui/hud/building_description/tower_shockwave_acid;An experimental defensive tower. Pumps acidic substances into the ground surface and uses its mallet to create shock waves releasing the corrosive agents in the ground;;Экспериментальная оборонительная башня. Нагнетает кислотные вещества в поверхность земли и использует свой молот для создания ударных волн, высвобождающих коррозионные агенты в грунте.;;Ein experimenteller Verteidigungsturm. Er pumpt säurehaltige Substanzen in den Boden und nutzt seinen Hammer, um Schockwellen zu erzeugen, die die ätzenden Stoffe im Boden freisetzen;;;实验性防御塔。将酸性物质泵入地表，并用其重锤产生冲击波，释放地下的腐蚀剂;;
gui/hud/building_description/tower_shockwave_area;An experimental defensive tower that does not use any kind of ammunition. Instead - it uses a massive mallet - propelled by electro-plasma thrusters to strike the ground and create a shock-wave;;Экспериментальная оборонительная башня, не использующая боеприпасы. Вместо этого она использует массивный молот, приводимый в движение электроплазменными двигателями, для удара по земле и создания ударной волны.;;Ein experimenteller Verteidigungsturm, der keinerlei Munition verwendet. Stattdessen setzt er einen massiven Hammer ein, der von Elektroplasma-Triebwerken angetrieben wird, um auf den Boden zu schlagen und eine Schockwelle zu erzeugen;;;实验性防御塔，不使用任何弹药。它使用由电浆推进器驱动的巨大重锤撞击地面，产生冲击波;;
gui/hud/building_description/tower_shockwave_cryo;An experimental defensive tower. Pumps cryogenic substances into the ground surface and uses its mallet to create shock waves activating the cryogenic agents in the ground;;Экспериментальная оборонительная башня. Нагнетает криогенные вещества в поверхность земли и использует свой молот для создания ударных волн, активирующих криогенные агенты в грунте.;;Ein experimenteller Verteidigungsturm. Er pumpt kryogene Substanzen in die Bodenoberfläche und nutzt seinen Hammer, um Schockwellen zu erzeugen, die die kryogenen Wirkstoffe im Boden aktivieren;;;实验性防御塔。将低温物质泵入地表，并用其重锤产生冲击波，激活地下的低温剂;;
gui/hud/building_description/wall_crystal_lvl_1;A defensive wall made from synthesized crystals found in the depths of the Galatean cavern network. When destroyed the wall will shatter and its shards will damage the nearby creatures.;;Оборонительная стена из синтезированных кристаллов, найденных в глубинах пещерной сети Галатеи. При разрушении стена разлетается на осколки, которые наносят урон ближайшим существам.;;Eine Verteidigungsmauer aus synthetischen Kristallen, die in den Tiefen des Galatean-Höhlennetzwerks gefunden wurden. Wenn die Mauer zerstört wird, zersplittert sie und ihre Splitter fügen den Kreaturen in der Nähe Schaden zu.;;;由伽拉忒亚洞穴网络深处发现的合成晶体制成的防御墙。被摧毁时，墙体将碎裂，碎片会伤害附近的生物;;
gui/hud/building_description/wall_crystal_lvl_2;Resistant to fire and acid damage but sensible to area damage. Shatters on destruction dealing damage to nearby enemies.;;Устойчива к огню и кислоте, но чувствительна к площадному урону. При разрушении рассыпается, нанося урон ближайшим врагам.;;Resistent gegen Feuer- und Säureschaden, aber anfällig für Flächenschaden. Zerbricht bei Zerstörung und fügt Gegnern in der Nähe Schaden zu.;;;抗火焰和酸性伤害，但对范围伤害敏感。被摧毁时碎裂，对附近敌人造成伤害;;
gui/hud/building_description/wall_crystal_lvl_3;Resistant to fire and acid damage but sensible to area damage. Shatters on destruction dealing damage to nearby enemies.;;Устойчива к огню и кислоте, но чувствительна к площадному урону. При разрушении рассыпается, нанося урон ближайшим врагам.;;Resistent gegen Feuer- und Säureschaden, aber anfällig für Flächenschaden. Zerbricht bei Zerstörung und fügt Gegnern in der Nähe Schaden zu.;;;抗火焰和酸性伤害，但对范围伤害敏感。被摧毁时碎裂，对附近敌人造成伤害;;
gui/hud/building_description/wall_energy_lvl_1;An advanced form of a wall. Instead of relying on a solid structure this version utilizes high-power laser beams to form a barrier. Coming into contact with this structure may be harmful.;;Продвинутая форма стены. Вместо твёрдой конструкции эта версия использует мощные лазерные лучи для формирования барьера. Соприкосновение с этой конструкцией может быть опасным.;;Eine fortschrittliche Form einer Mauer. Anstelle einer festen Struktur nutzt diese Version hochleistungsfähige Laserstrahlen, um eine Barriere zu bilden. Der Kontakt mit dieser Struktur kann schädlich sein.;;;一种先进形式的墙。该版本不依赖实体结构，而是利用高能激光束形成屏障。接触此结构可能有害;;
gui/hud/building_description/wall_energy_lvl_2;Advanced powered regenerating energy barrier. Highly resistant to energy and cryo damage but very fragile to physical and sensitive to fire and acid damage. Deals damage on contact.;;Продвинутый питаемый регенерирующий энергетический барьер. Высокая устойчивость к энергетическому и криогенному урону, но очень хрупок к физическому и чувствителен к огню и кислоте. Наносит урон при контакте.;;Fortgeschrittene, sich selbst regenerierende Energiebarrieren. Sehr widerstandsfähig gegen Energie- und Kryoschaden, aber sehr anfällig für physischen Schaden und empfindlich gegenüber Feuer- und Säureschaden. Verursacht bei Kontakt Schaden.;;;高级供电再生能量屏障。高抗能量和低温伤害，但对物理伤害非常脆弱，对火焰和酸性伤害敏感。接触造成伤害;;
gui/hud/building_description/wall_energy_lvl_3;Tough powered regenerating energy barrier. Highly resistant to energy and cryo damage but very fragile to physical and sensitive to fire and acid damage. Deals damage on contact.;;Прочный питаемый регенерирующий энергетический барьер. Высокая устойчивость к энергетическому и криогенному урону, но очень хрупок к физическому и чувствителен к огню и кислоте. Наносит урон при контакте.;;Robuste, sich selbst regenerierende Energiebarrieren. Sehr widerstandsfähig gegen Energie- und Kryoschaden, aber sehr anfällig für physischen Schaden und empfindlich gegenüber Feuer- und Säureschaden. Verursacht bei Kontakt Schaden.;;;坚固的供电再生能量屏障。高抗能量和低温伤害，但对物理伤害非常脆弱，对火焰和酸性伤害敏感。接触造成伤害;;
gui/hud/building_description/wall_small_lvl_1;Provides basic protection for the base. Can be built in multiple layers. Cheap reliable and sturdy.;;Обеспечивает базовую защиту базы. Может строиться в несколько слоёв. Недёшево, надёжно и прочно.;;Bietet grundlegenden Schutz für die Basis. Kann in mehreren Schichten errichtet werden. Günstig, zuverlässig und robust.;;;为基地提供基础保护。可建造多层，具有成本低且可靠牢固的优点。;;
gui/hud/building_description/wall_small_lvl_2;Reinforced concrete wall. Increased physical resistance but fragile to acid and area damage;;Железобетонная стена. Повышенная физическая стойкость, но уязвима к кислоте и площадному урону.;;Stahlbetonwand. Erhöhte physische Widerstandsfähigkeit, aber anfällig für Säure- und Flächenschaden;;;钢筋混凝土墙。物理抗性提高，但对酸性和范围伤害脆弱;;
gui/hud/building_description/wall_small_lvl_3;Tough reinforced concrete wall. High physical resistance but fragile to acid and area damage;;Прочная железобетонная стена. Высокая физическая стойкость, но уязвима к кислоте и площадному урону.;;Robuste Stahlbetonmauer. Hohe physische Widerstandsfähigkeit, aber anfällig für Säure- und Flächenschaden;;;坚固的钢筋混凝土墙。高物理抗性，但对酸性和范围伤害脆弱;;
gui/hud/building_description/wall_vine_lvl_1;These walls automatically recede into the ground when the Mech is close to them. This allows the user to shoot over them with ease and negates the need for building gates. Resistant to area and acid damage but very fragile to fire damage. The walls also regenerate missing hit points over time but do not reconstruct from ruins by themselves.;;Эти стены автоматически уходят в землю, когда мех приближается к ним. Это позволяет легко стрелять поверх них и отменяет необходимость строить ворота. Устойчивы к площадному и кислотному урону, но очень уязвимы к огню. Стены также регенерируют здоровье со временем, но не восстанавливаются из руин самостоятельно.;;Diese Mauern ziehen sich automatisch in den Boden zurück, wenn sich der Mech in ihrer Nähe befindet. Dies ermöglicht es dem Benutzer, mühelos über sie hinweg zu schießen, und macht den Bau von Toren überflüssig. Resistent gegen Flächenschaden und Säureschaden, aber sehr anfällig für Feuerschaden. Die Mauern regenerieren fehlende Trefferpunkte im Laufe der Zeit, bauen sich jedoch nicht von selbst aus Trümmern wieder auf.;;;这种墙壁能在机甲接近时自动缩回地面。这允许用户轻松地越过它进行射击，无需额外建造闸门。它对范围伤害和酸性伤害有抗性，但非常脆弱，易受火焰伤害。墙壁能随时间自动恢复损失的生命值，但无法从废墟状态自行重建。;;
gui/hud/building_description/wall_vine_lvl_2;Resistant to area and acid damage but very  fragile to fire damage. Regenerates health and recedes when Mech passes by.;;Устойчивы к площадному и кислотному урону, но очень уязвимы к огню. Регенерируют здоровье и уходят в землю, когда мех проходит рядом.;;Resistent gegen Flächenschaden und Säureschaden, aber sehr anfällig für Feuerschaden. Regeneriert Gesundheit und zieht sich zurück, wenn der Mech vorbeifährt.;;;抗范围和酸性伤害，但对火焰伤害非常脆弱。机甲经过时回缩并恢复生命值;;
gui/hud/building_description/wall_vine_lvl_3;Resistant to area and acid damage but very  fragile to fire damage. Regenerates health and recedes when Mech passes by.;;Устойчивы к площадному и кислотному урону, но очень уязвимы к огню. Регенерируют здоровье и уходят в землю, когда мех проходит рядом.;;Resistent gegen Flächenschaden und Säureschaden, aber sehr anfällig für Feuerschaden. Regeneriert Gesundheit und zieht sich zurück, wenn der Mech vorbeifährt.;;;抗范围和酸性伤害，但对火焰伤害非常脆弱。机甲经过时回缩并恢复生命值;;
gui/hud/building_description/water_drill;Drills for groundwater;;Бурит для добычи грунтовых вод.;;Bohrer für Grundwasser;;;钻探地下水的钻机;;
gui/hud/building_name/alloys_factory;Alloys Factory (Cobalt);;Завод сплавов (кобальт);;Legierungsfabrik (Kobalt);;;合金工厂（钴）;;
gui/hud/building_name/alloys_factory_palladium;Alloys Factory (Palladium);;Завод сплавов (палладий);;Legierungsfabrik (Palladium);;;合金工厂（钯）;;
gui/hud/building_name/alloys_factory_titanium;Alloys Factory (Titanium);;Завод сплавов (титан);;Legierungsfabrik (Titan);;;合金工厂（钛）;;
gui/hud/building_name/alloys_factory_uranium;Alloys Factory (Uranium);;Завод сплавов (уран);;Legierungsfabrik (Uran);;;合金工厂（铀）;;
gui/hud/building_name/ammo_factory_energy_adv;Advanced mech energy ammo processor;;Продвинутый процессор энергетических боеприпасов для меха.;;Fortgeschrittener Mech-Energie-Munitionsprozessor;;;高级机甲能量弹药工厂;;
gui/hud/building_name/ammo_factory_energy_ext;Top end mech energy ammo processor;;Высококлассный процессор энергетических боеприпасов для меха.;;Hochwertiger Mech-Energie-Munitionsprozessor;;;顶级机甲能量弹药工厂;;
gui/hud/building_name/ammo_factory_explosive_adv;Advanced explosives processor;;Продвинутый процессор взрывчатых веществ.;;Fortgeschrittener Sprengstoffprozessor;;;高级炸药工厂;;
gui/hud/building_name/ammo_factory_explosive_ext;Top end explosives processor;;Высококлассный процессор взрывчатых веществ.;;Hochwertiger Sprengstoffprozessor;;;顶级炸药工厂;;
gui/hud/building_name/ammo_factory_explosive_liquid;Explosives and liquid ammo factory;;Завод взрывчатых и жидких боеприпасов.;;Sprengstoff- und Flüssigmunitionsfabrik;;;炸药和液体弹药工厂;;
gui/hud/building_name/ammo_factory_highcaliber_adv;Advanced high caliber ammo processor;;Продвинутый процессор крупнокалиберных боеприпасов.;;Fortgeschrittener Großkaliber-Munitionsprozessor;;;高级大口径弹药工厂;;
gui/hud/building_name/ammo_factory_highcaliber_adv_molt;Advanced high caliber ammo factory;;Продвинутый завод крупнокалиберных боеприпасов.;;Fortgeschrittene Großkaliber-Munitionsfabrik;;;高级大口径弹药工厂;;
gui/hud/building_name/ammo_factory_highcaliber_adv_molt_uranium;Advanced high caliber ammo factory (DU);;Продвинутый завод крупнокалиберных боеприпасов (обеднённый уран).;;Fortgeschrittene Großkaliber-Munitionsfabrik (DU);;;高级大口径弹药工厂（贫铀）;;
gui/hud/building_name/ammo_factory_highcaliber_adv_uranium;Advanced high caliber ammo processor (DU);;Продвинутый процессор крупнокалиберных боеприпасов (обеднённый уран).;;Fortgeschrittener Großkaliber-Munitionsprozessor (DU);;;高级大口径弹药工厂（贫铀）;;
gui/hud/building_name/ammo_factory_highcaliber_adv_uranium_molt;Advanced high caliber ammo factory (DU);;Продвинутый завод крупнокалиберных боеприпасов (обеднённый уран).;;Fortgeschrittene Großkaliber-Munitionsfabrik (DU);;;高级大口径弹药工厂（贫铀）;;
gui/hud/building_name/ammo_factory_highcaliber_ext;Top end high caliber ammo processor;;Высококлассный процессор крупнокалиберных боеприпасов.;;Hochwertiger Verarbeitungsbetrieb für großkalibrige Munition;;;顶级大口径弹药工厂;;
gui/hud/building_name/ammo_factory_highcaliber_ext_molt;Top end high caliber ammo forge;;Высококлассная кузница крупнокалиберных боеприпасов.;;Hochwertige Schmiede für großkalibrige Munition;;;顶级大口径弹药锻造厂;;
gui/hud/building_name/ammo_factory_liquid_adv;Advanced liquid ammo processor (carbonium);;Продвинутый процессор жидких боеприпасов (карбоний).;;Fortgeschrittener Verarbeitungsbetrieb für flüssige Munition (Carbonium);;;高级液体弹药工厂（碳）;;
gui/hud/building_name/ammo_factory_liquid_adv_gas;Advanced liquid ammo processor (gas);;Продвинутый процессор жидких боеприпасов (газ).;;Fortgeschrittener Verarbeitungsbetrieb für flüssige Munition (Gas);;;高级液体弹药工厂（气）;;
gui/hud/building_name/ammo_factory_liquid_ext;Top end liquid ammo processor;;Высококлассный процессор жидких боеприпасов.;;Hochwertiger Verarbeitungsbetrieb für flüssige Munition;;;顶级液体弹药工厂;;
gui/hud/building_name/ammo_factory_lowcaliber_adv;Advanced low caliber ammo processor;;Продвинутый процессор малокалиберных боеприпасов.;;Fortgeschrittener Verarbeitungsbetrieb für kleinkalibrige Munition;;;高级小口径弹药工厂;;
gui/hud/building_name/ammo_factory_lowcaliber_adv_molt;Advanced low caliber ammo factory;;Продвинутый завод малокалиберных боеприпасов.;;Fortgeschrittene Fabrik für kleinkalibrige Munition;;;高级小口径弹药工厂;;
gui/hud/building_name/ammo_factory_lowcaliber_adv_molt_uranium;Advanced low caliber ammo factory (DU);;Продвинутый завод малокалиберных боеприпасов (обеднённый уран).;;Fortgeschrittene Fabrik für kleinkalibrige Munition (DU);;;高级小口径弹药工厂（贫铀）;;
gui/hud/building_name/ammo_factory_lowcaliber_adv_uranium;Advanced low caliber ammo processor (DU);;Продвинутый процессор малокалиберных боеприпасов (обеднённый уран).;;Fortgeschrittener Verarbeitungsbetrieb für kleinkalibrige Munition (DU);;;高级小口径弹药工厂（贫铀）;;
gui/hud/building_name/ammo_factory_lowcaliber_adv_uranium_molt;Advanced low caliber ammo factory (DU);;Продвинутый завод малокалиберных боеприпасов (обеднённый уран).;;Fortgeschrittene Fabrik für kleinkalibrige Munition (DU);;;高级小口径弹药工厂（贫铀）;;
gui/hud/building_name/ammo_factory_lowcaliber_ext;Top end low caliber ammo processor;;Высококлассный процессор малокалиберных боеприпасов.;;Hochwertiger Verarbeitungsbetrieb für kleinkalibrige Munition;;;顶级小口径弹药工厂;;
gui/hud/building_name/ammo_factory_lowcaliber_ext_molt;Top end low caliber ammo forge;;Высококлассная кузница малокалиберных боеприпасов.;;Spitzen-Schmiede für Kleinkalibermunition;;;顶级小口径弹药锻造厂;;
gui/hud/building_name/ammo_factory_lowcaliber_highcaliber;Low and High Caliber ammo factory;;Завод малокалиберных и крупнокалиберных боеприпасов.;;Fabrik für Klein- und Großkalibermunition;;;小口径和大口径弹药工厂;;
gui/hud/building_name/ammo_storage_energy;Energy Cell Storage;;Хранилище энергетических элементов.;;Energiespeicher;;;能量电池仓库;;
gui/hud/building_name/ammo_storage_explosive;Explosive Ammo Storage;;Хранилище взрывчатых боеприпасов.;;Lager für Sprengstoffmunition;;;爆炸弹药仓库;;
gui/hud/building_name/ammo_storage_highcaliber;High Caliber Ammo Storage;;Хранилище крупнокалиберных боеприпасов.;;Lager für Großkalibermunition;;;大口径弹药仓库;;
gui/hud/building_name/ammo_storage_liquid;Liquid Ammunition Storage;;Хранилище жидких боеприпасов.;;Lager für Flüssigmunition;;;液体弹药仓库;;
gui/hud/building_name/ammo_storage_lowcaliber;Low Caliber Ammo Storage;;Хранилище малокалиберных боеприпасов.;;Lager für Kleinkalibermunition;;;小口径弹药仓库;;
gui/hud/building_name/ammonium_extractor;Ammonium Extractor;;Экстрактор аммония.;;Ammonium-Extraktor;;;铵提取器;;
gui/hud/building_name/ammonium_synthesizer;Ammonium Synthesizer;;Синтезатор аммония.;;Ammonium-Synthesizer;;;铵合成器;;
gui/hud/building_name/bio_cobalt_refinery;Bio-Cobalt Refinery;;Биокобальтовый рафинировочный завод.;;Bio-Kobalt-Raffinerie;;;生物钴精炼厂;;
gui/hud/building_name/bio_palladium_refinery;Bio-Palladium Refinery;;Биопалладиевый рафинировочный завод.;;Bio-Palladium-Raffinerie;;;生物钯精炼厂;;
gui/hud/building_name/bio_titanium_refinery;Bio-Titanium Refinery;;Биотитановый рафинировочный завод.;;Bio-Titan-Raffinerie;;;生物钛精炼厂;;
gui/hud/building_name/bio_uranium_ore_refinery;Bio-Uranium Refinery;;Биоурановый рафинировочный завод.;;Bio-Uran-Raffinerie;;;生物铀精炼厂;;
gui/hud/building_name/biomass_morphed_press;Morphed Biomass Press;;Пресс для изменённой биомассы.;;Morphed-Biomassepresse;;;变异生物质压榨机;;
gui/hud/building_name/biomass_mycelium_press;Mycelium Press;;Пресс для мицелия.;;Myzelpresse;;;菌丝体压榨机;;
gui/hud/building_name/biomass_oil_press;Biooil Press;;Пресс для бионефти.;;Bioölpresse;;;生物油压榨机;;
gui/hud/building_name/biomass_plant_press;Biomass Press;;Пресс для биомассы.;;Biomassepresse;;;生物质压榨机;;
gui/hud/building_name/biomass_water_press;Biomass Water Press;;Пресс для водной биомассы.;;Biomasse-Wasserpresse;;;生物质水压榨机;;
gui/hud/building_name/bioreactor;Bioreactor;;Биореактор.;;Bioreaktor;;;生物反应器;;
gui/hud/building_name/blast_furnace;Blast Furnace;;Доменная печь.;;Hochofen;;;高炉;;
gui/hud/building_name/carbon_capture;Carbon Capture Plant;;Установка улавливания углерода.;;;;;;;
gui/hud/building_name/carbonizer;Carbonizer;;Карбонизатор.;;Karbonisator;;;碳化器;;
gui/hud/building_name/crystalizer_ferdonite;Ferdonite Crystallizer;;Кристаллизатор фердонита.;;Ferdonit-Kristallisator;;;铁白云石结晶器;;
gui/hud/building_name/crystalizer_hazenite;Hazenite Crystallizer;;Кристаллизатор хазенита.;;Hazenit-Kristallisator;;;黑森矿结晶器;;
gui/hud/building_name/crystalizer_rhodonite;Rhodonite Crystallizer;;Кристаллизатор родонита.;;Rhodonit-Kristallisator;;;蔷薇辉石结晶器;;
gui/hud/building_name/crystalizer_tanzanite;Tanzanite Crystallizer;;Кристаллизатор танзанита.;;Tansanit-Kristallisator;;;坦桑石结晶器;;
gui/hud/building_name/energy_connector_armored;Armored Energy Connector;;Бронированный энергетический соединитель.;;Gepanzerter Energieanschluss;;;装甲能量连接器;;
gui/hud/building_name/energy_connector_water;Energy Connector Water;;Энергетический соединитель (водный).;;Energieanschluss Wasser;;;水上能量连接器;;
gui/hud/building_name/energy_enhancer;Energy Enhancer;;;;;;;;;
gui/hud/building_name/energy_storage_new;Energy Grid Balancer;;Балансир энергосети.;;Energie-Netzausgleicher;;;能源储存库;;
gui/hud/building_name/fire_control_station;Fire Control Station;;Станция управления огнём.;;Feuerleitstelle;;;火力控制站;;
gui/hud/building_name/fire_control_station_artillery;Long Range Fire Control Station;;Станция управления огнём большой дальности.;;Feuerleitstelle mit großer Reichweite;;;远程火力控制站;;
gui/hud/building_name/fluorine_trap;Fluorine Capture Plant;;Установка улавливания фтора.;;Fluor-Abscheideanlage;;;氟捕获装置;;
gui/hud/building_name/gas_ionizer;Gas Ionizer;;Ионизатор газа.;;Gasionisator;;;气体电离器;;
gui/hud/building_name/geoscanner;Geoscanner;;Геосканер.;;Geoscanner;;;地质探测仪;;
gui/hud/building_name/heat_charger;Ambient Heat Ion Charger;;Ионный зарядник на окружающем тепле.;;Umgebungswärme-Ionenlader;;;环境热离子充电器;;
gui/hud/building_name/heavy_water_plant;Heavy Water Plant;;Завод тяжёлой воды.;;Schwerwasseranlage;;;重水工厂;;
gui/hud/building_name/heavy_water_reactor;Heavy Water Reactor;;Реактор на тяжёлой воде.;;Schwerwasserreaktor;;;重水发电站;;
gui/hud/building_name/irradiator;Irradiator;;Облучатель.;;Bestrahlungsanlage;;;辐照器;;
gui/hud/building_name/large_solid_material_storage_basic;Large Basic Materials Storage;;Большое хранилище базовых материалов.;;Großlager für Grundstoffe;;;大型基础材料仓库;;
gui/hud/building_name/large_solid_material_storage_other;Large Solid Materials Storage;;Большое хранилище твёрдых материалов.;;Großlager für Feststoffe;;;大型固体材料仓库;;
gui/hud/building_name/large_solid_material_storage_rare;Large Rare Metals Storage;;Большое хранилище редких металлов.;;Großlager für Seltene Metalle;;;大型稀有金属仓库;;
gui/hud/building_name/liquid_material_storage_large;Large Storage Silo;;Большой складской силос.;;Großlagersilo;;;大型储存筒仓;;
gui/hud/building_name/liquid_material_storage_small;Small Storage Silo;;Малый складской силос.;;Kleinsilos;;;小型储存筒仓;;
gui/hud/building_name/liquid_pumpjack;Pumpjack;;Насосная установка.;;Pumpjack;;;抽油机;;
gui/hud/building_name/magnetic_stabilizer;Magnetic Stabilizer (+25%);;Магнитный стабилизатор (+25%).;;Magnetstabilisator (+25 %);;;磁稳定器（+25%）;;
gui/hud/building_name/magnetic_stabilizer_alien;Magnetic Stabilizer (+50%);;Магнитный стабилизатор (+50%).;;Magnetstabilisator (+50 %);;;异星磁稳定器（+50%）;;
gui/hud/building_name/metal_extractor;Metal Extraction Complex;;Комплекс по добыче металлов.;;;;;;;
gui/hud/building_name/mining_drill;Mining Drill;;Буровая установка.;;Bergbaubohrgerät;;;采矿钻机;;
gui/hud/building_name/moisture_trap;Moisture Trap;;Уловитель влаги.;;Feuchtigkeitsfalle;;;湿气捕获器;;
gui/hud/building_name/morphium_factory;Morphing Flux Capacitor;;Конденсатор изменяющего потока.;;Morphing-Flusskondensator;;;Morphing Flux 电容器;;
gui/hud/building_name/nitric_acid_refinery;Nitric Acid Refinery;;Рафинировочный завод азотной кислоты.;;Salpetersäure-Raffinerie;;;硝酸精炼厂;;
gui/hud/building_name/nitrification_plant;Nitrification Plant;;Установка нитрификации.;;Nitrifikationsanlage;;;硝化工厂;;
gui/hud/building_name/nitrification_site;Nitrification Site;;Площадка нитрификации.;;Nitrifikationsstandort;;;硝化站点;;
gui/hud/building_name/offshore_wind_turbine;Offshore Wind Turbine;;Морская ветряная турбина.;;Offshore-Windkraftanlage;;;海上风力涡轮机;;
gui/hud/building_name/ore_mill;Ore Mill;;Рудодробилка.;;Erzmühle;;;矿石磨机;;
gui/hud/building_name/ore_mill_lvl_2;Ore Mill (+50%);;Рудодробилка (+50%).;;Erzmühle (+50 %);;;矿石磨机（+50%）;;
gui/hud/building_name/ore_mill_lvl_3;Ore Mill (+85%);;Рудодробилка (+85%).;;Erzmühle (+85 %);;;矿石磨机（+85%）;;
gui/hud/building_name/ore_mill_lvl_4;Ore Mill (+125%);;Рудодробилка (+125%).;;Erzmühle (+125 %);;;矿石磨机（+125%）;;
gui/hud/building_name/petroleum_refinery;Petroleum Refinery;;Нефтеперерабатывающий завод.;;Erdölraffinerie;;;石油精炼厂;;
gui/hud/building_name/planet_defense;Orbital Defense Station;;Орбитальная оборонительная станция.;;Orbitalverteidigungsstation;;;轨道防御站;;
gui/hud/building_name/reagent_condenser;Reagent Condenser;;Конденсатор реагента.;;Reagenzienkondensator;;;试剂冷凝器;;
gui/hud/building_name/reagent_refinery;Reagent Refinery;;Рафинировочный завод реагента.;;Reagenzienraffinerie;;;试剂精炼厂;;
gui/hud/building_name/regenerating_extractor;Mycelium Extractor;;Экстрактор мицелия.;;Myzel-Extraktor;;;菌丝体提取器;;
gui/hud/building_name/repair_central;A central for drone repairing operations that covers the entire map. Massive reagent consumption when drones are deployed.;;Центр ремонтных операций дронов, охватывающий всю карту. Огромный расход реагента при развёртывании дронов.;;Eine Zentrale für Drohnenreparaturen, die die gesamte Karte abdeckt. Massiver Reagenzienverbrauch beim Einsatz von Drohnen.;;;覆盖整个地图的无人机维修操作中心。无人机部署时消耗大量试剂。;;
gui/hud/building_name/resin_factory;Synthetic Resin Plant;;Завод синтетической смолы.;;Kunstharzfabrik;;;树脂工厂;;
gui/hud/building_name/resource_converter_cobalt;Cobalt Morphing Plant;;Установка превращения кобальта.;;Kobalt-Morphing-Anlage;;;钴转化工厂;;
gui/hud/building_name/resource_converter_ironium;Ironium Morphing Plant;;Установка превращения ирония.;;Ironium-Morphing-Anlage;;;;;
gui/hud/building_name/resource_converter_palladium;Palladium Morphing Plant;;Установка превращения палладия.;;Palladium-Morphing-Anlage;;;钯转化工厂;;
gui/hud/building_name/resource_converter_titanium;Titanium Morphing Plant;;Установка превращения титана.;;Titan-Morphing-Anlage;;;钛转化工厂;;
gui/hud/building_name/resource_converter_uranium;Enriched Uranium Morphing Plant;;Установка превращения обогащённого урана.;;Anreicherungsanlage für angereichertes Uran;;;浓缩铀转化工厂;;
gui/hud/building_name/resource_converter_uranium_depleted;Depleted Uranium Morphing Plant;;Установка превращения обеднённого урана.;;Anreicherungsanlage für abgereichertes Uran;;;贫铀转化工厂;;
gui/hud/building_name/rtg;RTG;;РИТЭГ (радиоизотопный термоэлектрический генератор).;;RTG;;;放射性同位素热电发电机;;
gui/hud/building_name/solid_material_storage_basic;Basic Materials Storage;;Хранилище базовых материалов.;;Lager für Grundstoffe;;;基础材料仓库;;
gui/hud/building_name/solid_material_storage_other;Solid Materials Storage;;Хранилище твёрдых материалов.;;Lager für feste Materialien;;;固体材料仓库;;
gui/hud/building_name/solid_material_storage_rare;Rare Metals Storage;;Хранилище редких металлов.;;Lager für seltene Metalle;;;稀有金属仓库;;
gui/hud/building_name/solid_material_storage_underground;Underground Storage;;Подземное хранилище.;;Unterirdisches Lager;;;地下仓库;;
gui/hud/building_name/solvent_refinery;Solvent Refinery;;Рафинировочный завод растворителя.;;Lösungsmittelraffinerie;;;溶剂精炼厂;;
gui/hud/building_name/steel_seperator;Metal Separator;;Металлоотделитель.;;Metallseparator;;;金属分离器;;
gui/hud/building_name/strip_mine;Strip Mine;;Карьер.;;Tagebau;;;露天矿;;
gui/hud/building_name/supercoolant_chem_plant;Coolant Chemical Plant;;Химический завод охладителей.;;Kühlmittel-Chemiewerk;;;冷却剂化工厂;;
gui/hud/building_name/thermal_ion_charger;Thermal Ion Charger;;Термический ионный зарядник.;;Thermischer Ionenlader;;;热离子充电器;;
gui/hud/building_name/tower_artillery_acid;Artillery Tower - Acid Shells;;Артиллерийская башня — кислотные снаряды.;;Artillerie-Turm – Säuregeschosse;;;炮塔 - 酸性炮弹;;
gui/hud/building_name/tower_artillery_napalm;Artillery Tower - Napalm Shells;;Артиллерийская башня — напалмовые снаряды.;;Artillerie-Turm – Napalmgeschosse;;;炮塔 - 凝固汽油弹;;
gui/hud/building_name/tower_artillery_propelled;Artillery Tower - Propelled;;Артиллерийская башня — реактивная.;;Artillerie-Turm – Treibladung;;;炮塔 - 推进式;;
gui/hud/building_name/tower_artillery_superpropelled;Artillery Tower – Super-propelled;;Артиллерийская башня — суперреактивная.;;Artillerie-Turm – Super-Treibladung;;;炮塔 - 超级推进式;;
gui/hud/building_name/tower_cannon;90mm Gun Tower;;Орудийная башня 90 мм.;;90-mm-Geschützturm;;;90毫米炮塔;;
gui/hud/building_name/tower_cannon_acid;90mm Gun Tower - Acidic Rounds;;Орудийная башня 90 мм — кислотные снаряды.;;90-mm-Geschützturm – Säuregeschosse;;;90毫米炮塔 - 酸性弹药;;
gui/hud/building_name/tower_cannon_cooled;90mm Gun Tower - Cooled;;Орудийная башня 90 мм — охлаждённая.;;90-mm-Geschützturm – gekühlt;;;90毫米炮塔 - 冷却型;;
gui/hud/building_name/tower_cannon_cryo;90mm Gun Tower - Cryo Rounds;;Орудийная башня 90 мм — криоснаряды.;;90-mm-Geschützturm – Kryo-Geschosse;;;90毫米炮塔 - 冷冻弹药;;
gui/hud/building_name/tower_cannon_incindiary;90mm Gun Tower – Incendiary Rounds;;Орудийная башня 90 мм — зажигательные снаряды.;;90-mm-Geschützturm – Brandgeschosse;;;90毫米炮塔 - 燃烧弹药;;
gui/hud/building_name/tower_cannon_small;20mm Gun Tower;;Орудийная башня 20 мм.;;20-mm-Geschützturm;;;20毫米炮塔;;
gui/hud/building_name/tower_cryo_spitter;Cryo Spewer Tower ;;Криогенная распыляющая башня.;;Kryo-Spucker-Turm;;;寒流喷洒塔;;
gui/hud/building_name/tower_drone_attack_lvl2_explosive;Attack Drone Tower (Rockets);;Башня атакующих дронов (ракеты).;;Angriffsdrohnen-Turm (Raketen);;;攻击无人机塔（火箭）;;
gui/hud/building_name/tower_drone_attack_lvl2_fire;Attack Drone Tower (Incendiary);;Башня атакующих дронов (зажигательные).;;Angriffsdrohnen-Turm (Brand);;;攻击无人机塔（燃烧）;;
gui/hud/building_name/tower_drone_attack_lvl3;Attack Drone Tower (Corrosive);;Башня атакующих дронов (коррозионные).;;Angriffsdrohnen-Turm (Ätzend);;;攻击无人机塔（腐蚀）;;
gui/hud/building_name/tower_drone_attack_lvl3_cryo;Attack Drone Tower (Cryo);;Башня атакующих дронов (крио).;;Angriffsdrohnen-Turm (Kryo);;;攻击无人机塔（冷冻）;;
gui/hud/building_name/tower_drone_attack_lvl3_energy;Attack Drone Tower (Lightning);;Башня атакующих дронов (молнии).;;Angriffsdrohnen-Turm (Blitz);;;攻击无人机塔（闪电）;;
gui/hud/building_name/tower_fire_spitter;Napalm Spewer Tower;;Распыляющая башня с напалмом.;;Napalm-Spucker-Turm;;;凝固汽油弹喷洒塔;;
gui/hud/building_name/tower_flamer_cryo;Cryo Atomizer Tower;;Криогенная распылительная башня.;;Kryo-Zerstäuber-Turm;;;寒冰喷雾塔;;
gui/hud/building_name/tower_flamer_cryo_lvl_3;Cryo Atomizer Tower (Large);;Криогенная распылительная башня (большая).;;Kryo-Zerstäubungsturm (groß);;;寒冰喷雾塔(大型);;
gui/hud/building_name/tower_hcm_acid;HCM Tower (acid);;Башня HCM (кислота).;;HCM-Turm (Säure);;;HCM塔 (酸);;
gui/hud/building_name/tower_hcm_cryo;HCM Tower (cryo);;Башня HCM (крио).;;HCM-Turm (Kryo);;;HCM塔 (冰);;
gui/hud/building_name/tower_ice_big;Piercer Tower;;Башня-пронзатель.;;Piercer-Turm;;;穿刺塔;;
gui/hud/building_name/tower_laser_cooled;Laser Tower - Cooled;;Лазерная башня — охлаждённая.;;Laserturm – gekühlt;;;激光塔 - 冷却型;;
gui/hud/building_name/tower_laser_supercooled;Laser Tower – Super-cooled;;Лазерная башня — суперохлаждённая.;;Laserturm – supergekühlt;;;激光塔 - 超级冷却型;;
gui/hud/building_name/tower_laser_water;Laser Tower – Environmental Cooling;;Лазерная башня — с экологическим охлаждением.;;Laserturm – Umgebungskühlung;;;激光塔 - 自冷却型;;
gui/hud/building_name/tower_minigun_cooled;Minigun Tower - Cooled;;Башня с миниганом — охлаждённая.;;Minigun-Turm – gekühlt;;;机枪塔 - 冷却型;;
gui/hud/building_name/tower_minigun_frag;Large Minigun Tower - Frag Rounds;;Большая башня с миниганом — осколочные снаряды.;;Großer Minigun-Turm – Splittergeschosse;;;大型机枪塔 - 破片弹药;;
gui/hud/building_name/tower_minigun_platform;Minigun Tower – Environmental Cooling;;Башня с миниганом — экологическое охлаждение.;;Minigun-Turm – Umgebungskühlung;;;机枪塔 - 环境冷却型;;
gui/hud/building_name/tower_minigun_supercooled;Minigun Tower – Super-cooled;;Башня с миниганом — суперохлаждённая.;;Minigun-Turm – supergekühlt;;;机枪塔 - 超级冷却型;;
gui/hud/building_name/tower_plasma_base;Plasma Tower;;Плазменная башня.;;Plasmaturm;;;等离子塔;;
gui/hud/building_name/tower_plasma_charged;Plasma Tower - Charged;;Плазменная башня — заряженная.;;Plasmaturm – geladen;;;等离子塔 - 充能型;;
gui/hud/building_name/tower_plasma_supercharged;Plasma Tower - Supercharged;;Плазменная башня — суперзаряженная.;;Plasmaturm – supergeladen;;;等离子塔 - 超级充能型;;
gui/hud/building_name/tower_railgun_cooled;Railgun Tower - Cooled;;Башня с рельсотроном — охлаждённая.;;Railgun-Turm – gekühlt;;;轨道炮塔 - 冷却型;;
gui/hud/building_name/tower_railgun_large;Large Railgun Tower;;Большая башня с рельсотроном.;;Großer Railgun-Turm;;;大型轨道炮塔;;
gui/hud/building_name/tower_railgun_supercooled;Railgun Tower – Super-cooled;;Башня с рельсотроном — суперохлаждённая.;;Railgun-Turm – Supergekühlt;;;轨道炮塔 - 超级冷却型;;
gui/hud/building_name/tower_rockets_propelled;Rocket Tower - Propelled;;Ракетная башня — реактивная.;;Raketen-Turm – Angetrieben;;;火箭塔 - 推进式;;
gui/hud/building_name/tower_rockets_superpropelled;Rocket Tower – Super-propelled;;Ракетная башня — суперреактивная.;;Raketen-Turm – Superangetrieben;;;火箭塔 - 超级推进式;;
gui/hud/building_name/tower_shockwave_acid;Shockwave Tower - Acid;;Башня ударной волны — кислота.;;Schockwellen-Turm – Säure;;;冲击波塔 - 酸雨;;
gui/hud/building_name/tower_shockwave_area;Shockwave Tower;;Башня ударной волны.;;Schockwellen-Turm;;;冲击波塔;;
gui/hud/building_name/tower_shockwave_cryo;Shockwave Tower - Cryo;;Башня ударной волны — крио.;;Schockwellen-Turm – Kryo;;;冲击波塔 - 冷冻;;
gui/hud/building_name/water_drill;Groundwater Well;;Скважина для грунтовых вод.;;Grundwasserbrunnen;;;地下水井;;
gui/hud/objective_name/generic/investigate_anomaly;Investigate the anomaly;;Расследовать аномалию.;;;;;;;
gui/hud/objective_name/story/build_cobalt_deepvein_mine;Build Drilling Mine on an underground Cobalt deposit. Use Geoscanner to find them;;Постройте буровую шахту на подземном месторождении кобальта. Используйте геосканер, чтобы найти их.;;Baue eine Bohrmine auf einem unterirdischen Kobaltvorkommen. Verwende den Geoscanner, um sie zu finden;;;在地下钴矿床上建造钻井矿。使用地质扫描仪寻找它们;;
gui/hud/objective_name/story/build_palladium_deepvein_mine;Build Drilling Mine on an underground Palladium deposit. Use Geoscanner to find them;;Постройте буровую шахту на подземном месторождении палладия. Используйте геосканер, чтобы найти их.;;Baue eine Bohrmine auf einem unterirdischen Palladiumvorkommen. Verwende den Geoscanner, um sie zu finden;;;在地下钯矿床上建造钻井矿。使用地质扫描仪寻找它们;;
gui/hud/objective_name/story/build_titanium_deepvein_mine;Build Drilling Mine on an underground Titanium deposit. Use Geoscanner to find them;;Постройте буровую шахту на подземном месторождении титана. Используйте геосканер, чтобы найти их.;;Baue eine Bohrmine auf einem unterirdischen Titanvorkommen. Verwende den Geoscanner, um sie zu finden;;;在地下钛矿床上建造钻井矿。使用地质扫描仪寻找它们;;
gui/hud/objective_name/story/build_uranium_deepvein_mine;Build Drilling Mine on an underground Uranium deposit. Use Geoscanner to find them;;Постройте буровую шахту на подземном месторождении урана. Используйте геосканер, чтобы найти их.;;Baue eine Bohrmine auf einem unterirdischen Uranvorkommen. Verwende den Geoscanner, um sie zu finden;;;在地下铀矿床上建造钻井矿。使用地质扫描仪寻找它们;;
gui/hud/objective_name/story/find_cobalt_deepvein;Use Geoscanner to find hidden large underground Cobalt deposit;;Используйте геосканер, чтобы найти скрытое крупное подземное месторождение кобальта.;;Verwende den Geoscanner, um versteckte große unterirdische Kobaltvorkommen zu finden;;;使用地质扫描仪寻找隐藏的大型地下钴矿床;;
gui/hud/objective_name/story/find_palladium_deepvein;Use Geoscanner to find hidden large underground Palladium deposit;;Используйте геосканер, чтобы найти скрытое крупное подземное месторождение палладия.;;Verwende den Geoscanner, um versteckte große unterirdische Palladiumvorkommen zu finden;;;使用地质扫描仪寻找隐藏的大型地下钯矿床;;
gui/hud/objective_name/story/find_titanium_deepvein;Use Geoscanner to find hidden large underground Titanium deposit;;Используйте геосканер, чтобы найти скрытое крупное подземное месторождение титана.;;Verwende den Geoscanner, um versteckte große unterirdische Titanvorkommen zu finden;;;使用地质扫描仪寻找隐藏的大型地下钛矿床;;
gui/hud/objective_name/story/find_uranium_deepvein;Use Geoscanner to find hidden large underground Uranium deposit;;Используйте геосканер, чтобы найти скрытое крупное подземное месторождение урана.;;Verwende den Geoscanner, um versteckte große unterirdische Uranvorkommen zu finden;;;使用地质扫描仪寻找隐藏的大型地下铀矿床;;
gui/menu/info/desc/building_limit_increase_outpost;Improves the numbers of outposts the HQ can maintain;;Увеличивает количество аванпостов, которые может поддерживать штаб.;;;;;;;
gui/menu/info/desc/upgrade_ammonium_upkeep_req;Warning: These buildings upgrades have additional ammonium requirement;;Предупреждение: эти улучшения зданий имеют дополнительное требование по аммонию.;;;;;;;
gui/menu/info/desc/upgrade_buff_generic_req;Warning: Building upgrades require some buff building in the area. Currently this requirement is only visible on the actual building but not its blueprint;;Предупреждение: улучшения зданий требуют наличия здания-баффа в этом районе. В настоящее время это требование видно только на самом здании, но не на его чертеже.;;;;;;;
gui/menu/info/desc/upgrade_buff_geoscanner_req;Warning: Building upgrades require an operational geoscanner in the area. Currently this requirement is only visible on the actual building but not its blueprint;;Предупреждение: улучшения зданий требуют работающего геосканера в этом районе. В настоящее время это требование видно только на самом здании, но не на его чертеже.;;;;;;;
gui/menu/info/desc/upgrade_buff_mag_stabilizer_req;Warning: Building upgrades require an operational magnetic stabilizer in the area. Currently this requirement is only visible on the actual building but not its blueprint;;Предупреждение: улучшения зданий требуют работающего магнитного стабилизатора в этом районе. В настоящее время это требование видно только на самом здании, но не на его чертеже.;;;;;;;
gui/menu/info/desc/upgrade_buff_ore_mill_req;Warning: Building upgrades require an operational ore mill in the area. Currently this requirement is only visible on the actual building but not its blueprint;;Предупреждение: улучшения зданий требуют работающей рудодробилки в этом районе. В настоящее время это требование видно только на самом здании, но не на его чертеже.;;;;;;;
gui/menu/info/desc/upgrade_carbonium_upkeep_req;Warning: These buildings upgrades have additional carbonium requirement;;Предупреждение: эти улучшения зданий имеют дополнительное требование по карбонию.;;;;;;;
gui/menu/info/desc/upgrade_coolant_upkeep_advanced;Warning: Building upgrades require a pipe connection to an advanced coolant;;Предупреждение: улучшения зданий требуют подключения по трубам к продвинутому охладителю.;;;;;;;
gui/menu/info/desc/upgrade_coolant_upkeep_normal;Warning: Building upgrades require a proper coolant. If you need to plan new pipe connection then build over existing building instead of upgrading;;Предупреждение: улучшения зданий требуют надлежащего охладителя. Если вам нужно спланировать новое трубное соединение, постройте здание заново вместо улучшения.;;;;;;;
gui/menu/info/desc/upgrade_coolant_upkeep_simple;Warning: Building upgrades require pipe connection to a simple coolant (most fluids will do). If you need to plan new pipe connection then build over existing building instead of upgrading;;Предупреждение: улучшения зданий требуют подключения по трубам к простому охладителю (подойдёт большинство жидкостей). Если вам нужно спланировать новое трубное соединение, постройте здание заново вместо улучшения.;;;;;;;
gui/menu/info/desc/upgrade_deuterium_upkeep;Warning: Building upgrades require pipe connection to deuterium.;;Предупреждение: улучшения зданий требуют подключения по трубам к дейтерию.;;;;;;;
gui/menu/info/desc/upgrade_drilling_fluid_upkeep;Warning: Building upgrades require pipe connection to a drilling liquid. If you need to plan new pipe connection then build over existing building instead of upgrading;;Предупреждение: улучшения зданий требуют подключения по трубам к буровой жидкости. Если вам нужно спланировать новое трубное соединение, постройте здание заново вместо улучшения.;;;;;;;
gui/menu/info/desc/upgrade_fracking_substance_upkeep;Warning: Building upgrades require pipe connection to a fracking substance. If you need to plan new pipe connection then build over existing building instead of upgrading;;Предупреждение: улучшения зданий требуют подключения по трубам к веществу для гидроразрыва. Если вам нужно спланировать новое трубное соединение, постройте здание заново вместо улучшения.;;;;;;;
gui/menu/info/desc/upgrade_generic_plasma_upkeep;Warning: Building upgrades require pipe connection to any type of plasma. If you need to plan new pipe connection then build over existing building instead of upgrading;;Предупреждение: улучшения зданий требуют подключения по трубам к любому типу плазмы. Если вам нужно спланировать новое трубное соединение, постройте здание заново вместо улучшения.;;;;;;;
gui/menu/info/desc/upgrade_high_energy_plasma_upkeep;Warning: Building upgrades require pipe connection to a high energy plasma. If you need to plan new pipe connection then build over existing building instead of upgrading;;Предупреждение: улучшения зданий требуют подключения по трубам к высокоэнергетической плазме. Если вам нужно спланировать новое трубное соединение, постройте здание заново вместо улучшения.;;;;;;;
gui/menu/info/desc/upgrade_new_piping_req;Warning: Buildings upgrades require pipe connection to a liquid or gas. If you need to plan new pipe connection then build over existing building instead of upgrading;;Предупреждение: улучшения зданий требуют подключения по трубам к жидкости или газу. Если вам нужно спланировать новое трубное соединение, постройте здание заново вместо улучшения.;;;;;;;
gui/menu/info/desc/upgrade_new_upkeep_req;Warning: These buildings upgrades have additional resource requirements;;Предупреждение: эти улучшения зданий имеют дополнительные требования по ресурсам.;;;;;;;
gui/menu/info/desc/upgrade_nitric_acid_upkeep;Warning: Building upgrades require pipe connection to nitric acid. If you need to plan new pipe connection then build over existing building instead of upgrading;;Предупреждение: улучшения зданий требуют подключения по трубам к азотной кислоте. Если вам нужно спланировать новое трубное соединение, постройте здание заново вместо улучшения.;;;;;;;
gui/menu/info/desc/upgrade_rare_metal_upkeep_req;Warning: These buildings upgrades have additional rare metal requirement;;Предупреждение: эти улучшения зданий имеют дополнительное требование по редким металлам.;;;;;;;
gui/menu/info/desc/upgrade_rare_mineral_upkeep_req;Warning: These buildings upgrades have additional rare mineral requirement;;Предупреждение: эти улучшения зданий имеют дополнительное требование по редким минералам.;;;;;;;
gui/menu/info/desc/upgrade_reagent_upkeep;Warning: Building upgrades require pipe connection to reagent.;;Предупреждение: улучшения зданий требуют подключения по трубам к реагенту.;;;;;;;
gui/menu/info/desc/upgrade_simple_reagent_upkeep;Warning: Building upgrades require pipe connection to a simple reagent. If you need to plan new pipe connection then build over existing building instead of upgrading;;Предупреждение: улучшения зданий требуют подключения по трубам к простому реагенту. Если вам нужно спланировать новое трубное соединение, постройте здание заново вместо улучшения.;;;;;;;
gui/menu/info/desc/upgrade_steel_upkeep_req;Warning: These buildings upgrades have additional ironium requirement;;Предупреждение: эти улучшения зданий имеют дополнительное требование по иронию.;;;;;;;
gui/menu/info/desc/upgrade_water_upkeep;Warning: Building upgrades require pipe connection to water. If you need to plan new pipe connection then build over existing building instead of upgrading;;Предупреждение: улучшения зданий требуют подключения по трубам к воде. Если вам нужно спланировать новое трубное соединение, постройте здание заново вместо улучшения.;;;;;;;
gui/menu/info/desc/warning_rounding;Warning: Tech Tree shows rounded upkeep stats (production stats are okay). Actual stats are only visible from build menu (sorry, vanilla issue, can’t fix);;Предупреждение: дерево технологий показывает округлённые значения расхода (с производством всё в порядке). Фактические значения видны только в меню строительства (извините, проблема ванильной версии, неисправима).;;;;;;;
gui/menu/info/name/building_limit_increase_outpost;Limit increase: Outposts;;Увеличение лимита: аванпосты.;;;;;;;
gui/menu/info/name/upgrade_ammonium_upkeep_req;Ammonium Upkeep;;Расход аммония.;;;;;;;
gui/menu/info/name/upgrade_buff_generic_req;Buff Requirement;;Требование баффа.;;;;;;;
gui/menu/info/name/upgrade_buff_geoscanner_req;Geoscanner Requirement;;Требование геосканера.;;;;;;;
gui/menu/info/name/upgrade_buff_mag_stabilizer_req;Magnetic Stabilizer Requirement;;Требование магнитного стабилизатора.;;;;;;;
gui/menu/info/name/upgrade_buff_ore_mill_req;Ore Mill Requirement;;Требование рудодробилки.;;;;;;;
gui/menu/info/name/upgrade_carbonium_upkeep_req;Carbonium Upkeep;;Расход карбония.;;;;;;;
gui/menu/info/name/upgrade_coolant_upkeep_advanced;Advanced Coolant Requirement;;Требование продвинутого охладителя.;;;;;;;
gui/menu/info/name/upgrade_coolant_upkeep_normal;Coolant Upkeep;;Расход охладителя.;;;;;;;
gui/menu/info/name/upgrade_coolant_upkeep_simple;Simple Coolant Upkeep;;Расход простого охладителя.;;;;;;;
gui/menu/info/name/upgrade_deuterium_upkeep;Deuterium Upkeep;;Расход дейтерия.;;;;;;;
gui/menu/info/name/upgrade_drilling_fluid_upkeep;Drilling Fluid Upkeep;;Расход буровой жидкости.;;;;;;;
gui/menu/info/name/upgrade_fracking_substance_upkeep;Fracking Substance Upkeep;;Расход вещества для гидроразрыва.;;;;;;;
gui/menu/info/name/upgrade_generic_plasma_upkeep;Generic Plasma Upkeep;;Расход обычной плазмы.;;;;;;;
gui/menu/info/name/upgrade_high_energy_plasma_upkeep;High Energy Plasma Upkeep;;Расход высокоэнергетической плазмы.;;;;;;;
gui/menu/info/name/upgrade_new_piping_req;New Piped Upkeep Requirement;;Новое требование по трубопроводному расходу.;;;;;;;
gui/menu/info/name/upgrade_new_upkeep_req;New Upkeep;;Новый расход.;;;;;;;
gui/menu/info/name/upgrade_nitric_acid_upkeep;Nitric Acid Upkeep;;Расход азотной кислоты.;;;;;;;
gui/menu/info/name/upgrade_rare_metal_upkeep_req;Rare Metal Upkeep;;Расход редких металлов.;;;;;;;
gui/menu/info/name/upgrade_rare_mineral_upkeep_req;Rare Mineral Upkeep;;Расход редких минералов.;;;;;;;
gui/menu/info/name/upgrade_reagent_upkeep;Reagent Upkeep;;Расход реагента.;;;;;;;
gui/menu/info/name/upgrade_simple_reagent_upkeep;Simple Reagent Upkeep;;Расход простого реагента.;;;;;;;
gui/menu/info/name/upgrade_steel_upkeep_req;Ironium Upkeep;;Расход ирония.;;;;;;;
gui/menu/info/name/upgrade_water_upkeep;Water Upkeep;;Расход воды.;;;;;;;
gui/menu/info/name/warning_rounding;Stats Rounding!;;Округление характеристик!;;;;;;;
gui/menu/inventory/stat_name/ammo_homing;Projectile homing;;Самонаведение снарядов.;;Zielsuchfunktion für Projektile;;;弹药制导;;
gui/menu/inventory/stat_name/ammo_stun_length;Stun Duration;;Длительность оглушения.;;Betäubungsdauer;;;眩晕持续时间;;
gui/menu/inventory/stat_name/damage_over_time_length;Damage duration;;Длительность урона.;;Schadensdauer;;;持续伤害时间;;
gui/menu/inventory/upgrade/stat_name/ammo_homing;Projectile homing;;Самонаведение снарядов.;;Projektil-Zielsuche;;;弹药制导;;
gui/menu/inventory/upgrade/stat_name/resistance_acid_rain;Resist - Acid Rain;;Сопротивление — кислотный дождь.;;Resistenz – saurer Regen;;;抗性 - 酸雨;;
gui/menu/inventory/upgrade/stat_name/resistance_heat;Resist - Heat;;Сопротивление — жара.;;Resistenz – Hitze;;;抗性 - 高温;;
gui/menu/inventory/upgrade/stat_name/resistance_solar_burn;Resist - Radiation;;Сопротивление — радиация.;;Resistenz – Strahlung;;;抗性 - 辐射;;
gui/menu/inventory/upgrade/stat_name/resistance_sunburn;Resist - Solar Flare;;Сопротивление — солнечная вспышка.;;Resistenz – Sonneneruption;;;抗性 - 太阳耀斑;;
gui/menu/inventory/weapon_charge_description/piercer;Charging the piercer…;;Зарядка пронзателя…;;;;;;;
gui/menu/inventory/weapon_name/acid_shredder;Acid Shredder;;Кислотный шреддер.;;;;;;;
gui/menu/inventory/weapon_name/piercer;Piercer Cannon;;Пушка-пронзатель.;;;;;;;
gui/menu/planetary_scanner/base_info_buildings_ammo;Ammunition buildings:;;Здания для боеприпасов:;;Munitionsgebäude:;;;弹药建筑：;;
gui/menu/planetary_scanner/base_info_buildings_liquids;Liquids and gas buildings:;;Здания для жидкостей и газов:;;Flüssigkeits- und Gasgebäude:;;;液体和气体建筑：;;
gui/menu/research/description/acid_shredder_lvl_1;This research enables construction of an acid-based rapid-fire gun. High-pressure injectors and corrosive compound stabilizers allow continuous fire at high RPM. Projectiles split upon impact, damaging several enemies simultaneously.;;Это исследование открывает возможность строительства скорострельной кислотной пушки. Инжекторы высокого давления и стабилизаторы коррозионного состава позволяют вести непрерывный огонь на высоких оборотах. Снаряды разделяются при ударе, поражая нескольких врагов одновременно.;;;;;;;
gui/menu/research/description/acid_shredder_lvl_2;Enhances the internal pumping systems and utilizes advanced ammunition. Optimized flow regulators and more aggressive compounds increase damage output and sustained fire efficiency.;;Улучшает внутренние насосные системы и использует продвинутые боеприпасы. Оптимизированные регуляторы потока и более агрессивные составы увеличивают урон и эффективность непрерывной стрельбы.;;;;;;;
gui/menu/research/description/acid_shredder_lvl_3;Enhances the internal pumping systems and utilizes advanced ammunition. Optimized flow regulators and more aggressive compounds increase damage output and sustained fire efficiency.;;Улучшает внутренние насосные системы и использует продвинутые боеприпасы. Оптимизированные регуляторы потока и более агрессивные составы увеличивают урон и эффективность непрерывной стрельбы.;;;;;;;
gui/menu/research/description/acid_shredder_lvl_4;Final optimization of internal pumping systems and best available ammunition for maximal firepower;;Окончательная оптимизация внутренних насосных систем и лучшие доступные боеприпасы для максимальной огневой мощи.;;;;;;;
gui/menu/research/description/ai_hub;AI Hubs enable maintain and control of defenses and advanced production facilities;;Центры ИИ позволяют обслуживать и управлять обороной и продвинутыми производственными объектами.;;KI-Hubs ermöglichen die Wartung und Steuerung von Verteidigungsanlagen und fortschrittlichen Produktionsanlagen;;;AI中心能够维护和控制防御设施及高级生产设施;;
gui/menu/research/description/ai_hub_lvl2;Improved computation capacity by cooling;;Улучшенная вычислительная мощность за счёт охлаждения.;;Verbesserte Rechenkapazität durch Kühlung;;;通过冷却提高计算能力;;
gui/menu/research/description/ai_hub_lvl3;Improved computation capacity by advanced cooling;;Улучшенная вычислительная мощность за счёт продвинутого охлаждения.;;Verbesserte Rechenkapazität durch fortschrittliche Kühlung;;;通过高级冷却提高计算能力;;
gui/menu/research/description/alloys_palladium;Metallurgy technology for production of palladium alloys;;Металлургическая технология для производства палладиевых сплавов.;;Metallurgietechnologie zur Herstellung von Palladiumlegierungen;;;生产钯合金的冶金技术;;
gui/menu/research/description/alloys_titanium;Metallurgy technology for production of titanium alloys;;Металлургическая технология для производства титановых сплавов.;;Metallurgietechnologie zur Herstellung von Titanlegierungen;;;生产钛合金的冶金技术;;
gui/menu/research/description/alloys_uranium;Metallurgy technology for production of depleted uranium alloys;;Металлургическая технология для производства сплавов из обеднённого урана.;;Metallurgietechnologie zur Herstellung von abgereicherten Uranlegierungen;;;生产贫铀合金的冶金技术;;
gui/menu/research/description/ammo_energy_cell_lvl2;Production of high capacity energy cells build from locally available resources;;Производство высокоёмких энергетических элементов из местных ресурсов.;;Herstellung von Hochleistungs-Energiezellen aus lokal verfügbaren Ressourcen;;;利用当地可用资源生产高容量能量电池;;
gui/menu/research/description/ammo_energy_cell_lvl2b;Adaptation of high capacity energy cells production to optimize yield;;Адаптация производства высокоёмких энергетических элементов для оптимизации выхода.;;Anpassung der Produktion von Hochleistungs-Energiezellen zur Ertragsoptimierung;;;调整高容量能量电池生产以优化产量;;
gui/menu/research/description/ammo_energy_cell_lvl3;Production of high-tech overcharged energy cell for top end energy weapons;;Производство высокотехнологичных перезаряженных энергетических элементов для высококлассного энергетического оружия.;;Herstellung von hochtechnologischen überladenen Energiezellen für Hochleistungs-Energiewaffen;;;为顶级能量武器生产高科技过载能量电池;;
gui/menu/research/description/ammo_energy_cell_lvl4;Adaptation of high-tech overcharged energy cell production to optimize yield;;Адаптация производства высокотехнологичных перезаряженных энергетических элементов для оптимизации выхода.;;Anpassung der Produktion von hochtechnologischen überladenen Energiezellen zur Ertragsoptimierung;;;调整高科技过载能量电池生产以优化产量;;
gui/menu/research/description/ammo_energy_cell_lvl5;Adaptation of high-tech overcharged energy cell production to optimize yield;;Адаптация производства высокотехнологичных перезаряженных энергетических элементов для оптимизации выхода.;;Anpassung der Produktion von hochtechnologischen überladenen Energiezellen zur Ertragsoptimierung;;;调整高科技过载能量电池生产以优化产量;;
gui/menu/research/description/ammo_explosive_liquid_lvl2;Improves production lines for standard explosives and liquid ammunition;;Улучшает производственные линии для стандартных взрывчатых веществ и жидких боеприпасов.;;Verbessert Produktionslinien für Standard-Sprengstoffe und flüssige Munition;;;改进标准炸药和液体弹药的生产线;;
gui/menu/research/description/ammo_explosive_lvl2;Production of high explosive warheads from locally available resources for weapons like grenade and missile launchers;;Производство фугасных боеголовок из местных ресурсов для оружия, такого как гранатомёты и ракетные установки.;;Herstellung von hochexplosiven Sprengköpfen aus lokal verfügbaren Ressourcen für Waffen wie Granat- und Raketenwerfer;;;利用当地可用资源为榴弹发射器和导弹发射器等武器生产高爆弹头;;
gui/menu/research/description/ammo_explosive_lvl2b;Adaptation of high explosive warheads production to optimize yield;;Адаптация производства фугасных боеголовок для оптимизации выхода.;;Anpassung der Produktion von hochexplosiven Sprengköpfen zur Ertragsoptimierung;;;调整高爆弹头生产以优化产量;;
gui/menu/research/description/ammo_explosive_lvl3;Production of high-tech explosives warheads for top end weapons like grenade and missile launchers;;Производство высокотехнологичных взрывчатых боеголовок для высококлассного оружия, такого как гранатомёты и ракетные установки.;;Herstellung von Hightech-Sprengköpfen für Hochleistungswaffen wie Granat- und Raketenwerfer;;;为顶级武器如榴弹发射器和导弹发射器生产高科技爆炸弹头;;
gui/menu/research/description/ammo_explosive_lvl4;Adaptation of high-tech explosives warhead production to optimize yield;;Адаптация производства высокотехнологичных взрывчатых боеголовок для оптимизации выхода.;;Anpassung der Produktion von Hightech-Sprengköpfen zur Ertragsoptimierung;;;调整高科技爆炸弹头生产以优化产量;;
gui/menu/research/description/ammo_explosive_lvl5;Adaptation of high-tech explosives warhead production to optimize yield;;Адаптация производства высокотехнологичных взрывчатых боеголовок для оптимизации выхода.;;Anpassung der Produktion von Hightech-Sprengköpfen zur Ertragsoptimierung;;;调整高科技爆炸弹头生产以优化产量;;
gui/menu/research/description/ammo_high_caliber_lvl2;Production of advanced high caliber rounds assembled from locally available resources for weapons like cannons;;Производство продвинутых крупнокалиберных снарядов из местных ресурсов для оружия, такого как пушки.;;Herstellung fortschrittlicher großkalibriger Geschosse aus lokal verfügbaren Ressourcen für Waffen wie Kanonen;;;利用当地可用资源为加农炮等武器生产高级大口径炮弹;;
gui/menu/research/description/ammo_high_caliber_lvl2b;Adaptation of advanced high caliber rounds production to optimize yield;;Адаптация производства продвинутых крупнокалиберных снарядов для оптимизации выхода.;;Anpassung der Produktion fortschrittlicher großkalibriger Geschosse zur Ertragsoptimierung;;;调整高级大口径炮弹生产以优化产量;;
gui/menu/research/description/ammo_high_caliber_lvl3;Production of high-tech high caliber rounds for top end weapons like cannons;;Производство высокотехнологичных крупнокалиберных снарядов для высококлассного оружия, такого как пушки.;;Herstellung von High-Tech-Großkalibergeschossen für Spitzenwaffen wie Kanonen;;;为顶级武器如加农炮生产高科技大口径炮弹;;
gui/menu/research/description/ammo_high_caliber_lvl4;Adaptation of high-tech high caliber round production to optimize yield;;Адаптация производства высокотехнологичных крупнокалиберных снарядов для оптимизации выхода.;;Anpassung der Produktion von High-Tech-Großkalibergeschossen zur Ertragsoptimierung;;;调整高科技大口径炮弹生产以优化产量;;
gui/menu/research/description/ammo_high_caliber_lvl5;Adaptation of high-tech high caliber round production to optimize yield;;Адаптация производства высокотехнологичных крупнокалиберных снарядов для оптимизации выхода.;;Anpassung der Produktion von High-Tech-Großkalibergeschossen zur Ertragsoptimierung;;;调整高科技大口径炮弹生产以优化产量;;
gui/menu/research/description/ammo_liquid_lvl2;Production of highly reactive liquid munitions from locally available resources for weapons like flame throwers;;Производство высокореактивных жидких боеприпасов из местных ресурсов для оружия, такого как огнемёты.;;Herstellung hochreaktiver Flüssigmunition aus lokal verfügbaren Ressourcen für Waffen wie Flammenwerfer;;;利用当地可用资源为火焰喷射器等武器生产高反应性液体弹药;;
gui/menu/research/description/ammo_liquid_lvl2b;Adaptation of high capacity energy cells production to optimize yield;;Адаптация производства высокоёмких энергетических элементов для оптимизации выхода.;;Anpassung der Produktion von Hochleistungs-Energiezellen zur Ertragsoptimierung;;;调整高容量能量电池生产以优化产量;;
gui/menu/research/description/ammo_liquid_lvl3;Production of high-tech liquid ammunition for top end liquid based weapons like flame throwers;;Производство высокотехнологичных жидких боеприпасов для высококлассного жидкостного оружия, такого как огнемёты.;;Herstellung von Hightech-Flüssigmunition für Spitzenwaffen auf Flüssigbasis wie Flammenwerfer;;;为顶级液体武器如火焰喷射器生产高科技液体弹药;;
gui/menu/research/description/ammo_liquid_lvl4;Adaptation of high-tech liquid ammunition production to optimize yield;;Адаптация производства высокотехнологичных жидких боеприпасов для оптимизации выхода.;;Anpassung der Produktion von Hightech-Flüssigmunition zur Ertragsoptimierung;;;调整高科技液体弹药生产以优化产量;;
gui/menu/research/description/ammo_liquid_lvl5;Adaptation of high-tech liquid ammunition production to optimize yield;;Адаптация производства высокотехнологичных жидких боеприпасов для оптимизации выхода.;;Anpassung der Produktion von Hightech-Flüssigmunition zur Ertragsoptimierung;;;调整高科技液体弹药生产以优化产量;;
gui/menu/research/description/ammo_low_caliber_lvl2;Production of advanced low caliber rounds assembled from locally available resources for weapons like machine guns;;Производство продвинутых малокалиберных патронов из местных ресурсов для оружия, такого как пулемёты.;;Herstellung fortschrittlicher Kleinkalibermunition aus lokal verfügbaren Ressourcen für Waffen wie Maschinengewehre;;;利用当地可用资源为机枪等武器生产高级小口径子弹;;
gui/menu/research/description/ammo_low_caliber_lvl2b;Adaptation of advanced low caliber round production to optimize yield;;Адаптация производства продвинутых малокалиберных патронов для оптимизации выхода.;;Anpassung der Produktion fortschrittlicher Kleinkalibermunition zur Ertragsoptimierung;;;调整高级小口径子弹生产以优化产量;;
gui/menu/research/description/ammo_low_caliber_lvl3;Production of high-tech low caliber rounds for top end weapons like machine guns;;Производство высокотехнологичных малокалиберных патронов для высококлассного оружия, такого как пулемёты.;;Herstellung von Hightech-Kleinmunition für Spitzenwaffen wie Maschinengewehre;;;为顶级武器如机枪生产高科技小口径子弹;;
gui/menu/research/description/ammo_low_caliber_lvl4;Adaptation of high-tech low caliber round production to optimize yield;;Адаптация производства высокотехнологичных малокалиберных патронов для оптимизации выхода.;;Anpassung der Produktion von Hightech-Kleinmunition zur Ertragsoptimierung;;;调整高科技小口径子弹生产以优化产量;;
gui/menu/research/description/ammo_low_caliber_lvl5;Adaptation of high-tech low caliber round production to optimize yield;;Адаптация производства высокотехнологичных малокалиберных патронов для оптимизации выхода.;;Anpassung der Produktion von Hightech-Kleinmunition zur Ertragsoptimierung;;;调整高科技小口径子弹生产以优化产量;;
gui/menu/research/description/ammo_low_high_caliber_lvl2;Improves production lines for standard low and high caliber ammunition;;Улучшает производственные линии для стандартных малокалиберных и крупнокалиберных боеприпасов.;;Verbessert die Produktionslinien für Standardmunition mit kleinem und großem Kaliber;;;改进标准小口径和大口径弹药的生产线;;
gui/menu/research/description/ammonium_extraction;Extracts Ammonium from nitrate rich natural sources;;Извлекает аммоний из богатых нитратами природных источников.;;Gewinnt Ammonium aus nitratreichen natürlichen Quellen;;;从富含硝酸盐的天然资源中提取铵。;;
gui/menu/research/description/ammonium_extraction_lvl_2;Extracts Ammonium from nitrate rich natural sources. ;;Извлекает аммоний из богатых нитратами природных источников.;;Gewinnt Ammonium aus nitratreichen natürlichen Quellen. ;;;从富含硝酸盐的天然资源中提取铵。;;
gui/menu/research/description/ammonium_synthesis;Ammonium synthesis from atmospheric nitrogen via the Haber-process. Flammable gas or petroleum serves serves as hydrogen source.;;Синтез аммония из атмосферного азота по процессу Габера. В качестве источника водорода используется горючий газ или нефть.;;Ammoniumsynthese aus atmosphärischem Stickstoff mittels des Haber-Verfahrens. Entzündliches Gas oder Erdöl dient als Wasserstoffquelle.;;;通过哈柏法从大气氮中合成铵。可燃气体或石油作为氢源。;;
gui/menu/research/description/ammonium_synthesis_lvl_2;Improves the Haber process by cleaning the gas from sulfur residuals using water;;Улучшает процесс Габера, очищая газ от сернистых остатков с помощью воды.;;Verbessert das Haber-Verfahren durch Reinigung des Gases von Schwefelrückständen mit Wasser;;;通过使用水清除气体中的硫残留物，改进哈柏法。;;
gui/menu/research/description/bio_cobalt;Allows Riftbreakers to extract the trace cobalt from Galateas plant. The plants can be cultivated for a more permanent resource source.;;Позволяет Разломщикам извлекать следы кобальта из растений Галатеи. Растения можно культивировать для более постоянного источника ресурсов.;;Ermöglicht es den Riftbreakers, Spuren von Kobalt aus Galateas-Pflanzen zu extrahieren. Die Pflanzen können als dauerhafte Ressourcenquelle angebaut werden.;;;允许裂谷者从伽拉忒亚的植物中提取微量钴。这些植物可以被培育为更永久的资源来源。;;
gui/menu/research/description/bio_cobalt_lvl_2;Improving the method of trace cobalt from Galateas bio-matter.;;Улучшение метода извлечения следов кобальта из биоматерии Галатеи.;;Verbesserung der Methode zur Gewinnung von Spuren von Kobalt aus Galateas-Biomasse.;;;改进从伽拉忒亚生物质中提取微量钴的方法。;;
gui/menu/research/description/bio_cobalt_lvl_3;Improving the method of trace cobalt from Galateas bio-matter.;;Улучшение метода извлечения следов кобальта из биоматерии Галатеи.;;Verbesserung der Methode zur Gewinnung von Spurenelementen aus Galateas-Biomasse.;;;改进从伽拉忒亚生物质中提取微量钴的方法。;;
gui/menu/research/description/bio_palladium;Allows Riftbreakers to extract the trace palladium from Galateas plant. The plants can be cultivated for a more permanent resource source.;;Позволяет Разломщикам извлекать следы палладия из растений Галатеи. Растения можно культивировать для более постоянного источника ресурсов.;;Ermöglicht es den Riftbreakers, Spurenelementen aus Galateas-Pflanzen zu extrahieren. Die Pflanzen können als dauerhafte Ressourcenquelle angebaut werden.;;;允许裂谷者从伽拉忒亚的植物中提取微量钯。这些植物可以被培育为更永久的资源来源。;;
gui/menu/research/description/bio_palladium_lvl_2;Improving the method of trace palladium from Galateas bio-matter.;;Улучшение метода извлечения следов палладия из биоматерии Галатеи.;;Verbesserung der Methode zur Gewinnung von Spurenelementen aus Galateas-Biomasse.;;;改进从伽拉忒亚生物质中提取微量钯的方法。;;
gui/menu/research/description/bio_palladium_lvl_3;Improving the method of trace palladium from Galateas bio-matter.;;Улучшение метода извлечения следов палладия из биоматерии Галатеи.;;Verbesserung der Methode zur Gewinnung von Spurenelementen aus Galateas-Biomasse.;;;改进从伽拉忒亚生物质中提取微量钯的方法。;;
gui/menu/research/description/bio_processing;Enhanced processing techniques allow to extract further resources from Galateas biodiversity.;;Улучшенные технологии переработки позволяют извлекать дополнительные ресурсы из биоразнообразия Галатеи.;;Verbesserte Verarbeitungstechniken ermöglichen es, weitere Ressourcen aus der Artenvielfalt von Galatea zu gewinnen.;;;增强的加工技术允许从伽拉忒亚的生物多样性中提取更多资源。;;
gui/menu/research/description/bio_processing_lvl_2;Enhanced processing techniques allow to extract further resources from Galateas biodiversity.;;Улучшенные технологии переработки позволяют извлекать дополнительные ресурсы из биоразнообразия Галатеи.;;Verbesserte Verarbeitungstechniken ermöglichen es, weitere Ressourcen aus der Artenvielfalt von Galatea zu gewinnen.;;;增强的加工技术允许从伽拉忒亚的生物多样性中提取更多资源。;;
gui/menu/research/description/bio_processing_lvl_3;Enhanced processing techniques allow to extract further resources from Galateas biodiversity.;;Улучшенные технологии переработки позволяют извлекать дополнительные ресурсы из биоразнообразия Галатеи.;;Verbesserte Verarbeitungstechniken ermöglichen es, weitere Ressourcen aus der Artenvielfalt von Galatea zu gewinnen.;;;增强的加工技术允许从伽拉忒亚的生物多样性中提取更多资源。;;
gui/menu/research/description/bio_reactive_compounds;Galateas Plans contain many highly reactive compounds which may be processed into useful chemical reagents;;Растения Галатеи содержат много высокореактивных соединений, которые могут быть переработаны в полезные химические реагенты.;;Die Pflanzen von Galatea enthalten viele hochreaktive Verbindungen, die zu nützlichen chemischen Reagenzien verarbeitet werden können;;;伽拉忒亚的植物含有许多高反应性化合物，可以加工成有用的化学试剂;;
gui/menu/research/description/bio_reactive_compounds_lvl_2;Further research into natural occurring reactive compounds and their processing;;Дальнейшие исследования естественных реактивных соединений и их переработки.;;Weitere Forschung zu natürlich vorkommenden reaktiven Verbindungen und deren Verarbeitung;;;对天然存在的反应性化合物及其加工的进一步研究;;
gui/menu/research/description/bio_reactive_compounds_lvl_3;Research of industrial methods of processing reactive compounds of the local flora;;Исследование промышленных методов переработки реактивных соединений местной флоры.;;Erforschung industrieller Verfahren zur Verarbeitung reaktiver Verbindungen der lokalen Flora;;;研究加工当地植物群中反应性化合物的工业方法;;
gui/menu/research/description/bio_titanium;Allows Riftbreakers to extract the trace titanium from Galateas plant. The plants can be cultivated for a more permanent resource source.;;Позволяет Разломщикам извлекать следы титана из растений Галатеи. Растения можно культивировать для более постоянного источника ресурсов.;;Ermöglicht es den Riftbreakers, Spuren von Titan aus Galateas Pflanzen zu gewinnen. Die Pflanzen können als dauerhafte Ressourcenquelle angebaut werden.;;;允许裂谷者从伽拉忒亚的植物中提取微量钛。这些植物可以被培育为更永久的资源来源。;;
gui/menu/research/description/bio_titanium_lvl_2;Improving the method of trace titanium from Galateas bio-matter.;;Улучшение метода извлечения следов титана из биоматерии Галатеи.;;Verbesserung der Methode zur Gewinnung von Spuren von Titan aus Galateas Biomasse.;;;改进从伽拉忒亚生物质中提取微量钛的方法。;;
gui/menu/research/description/bio_titanium_lvl_3;Improving the method of trace titanium from Galateas bio-matter.;;Улучшение метода извлечения следов титана из биоматерии Галатеи.;;Verbesserung der Methode zur Gewinnung von Spuren von Titan aus Galateas Biomasse.;;;改进从伽拉忒亚生物质中提取微量钛的方法。;;
gui/menu/research/description/bio_uranium;Allows Riftbreakers to extract the trace uranium from Galateas plant. The plants can be cultivated for a more permanent resource source.;;Позволяет Разломщикам извлекать следы урана из растений Галатеи. Растения можно культивировать для более постоянного источника ресурсов.;;Ermöglicht es den Riftbreakers, Spuren von Uran aus Galateas-Pflanzen zu extrahieren. Die Pflanzen können als dauerhafte Ressourcenquelle angebaut werden.;;;允许裂谷者从伽拉忒亚的植物中提取微量铀。这些植物可以被培育为更永久的资源来源。;;
gui/menu/research/description/bio_uranium_lvl_2;Improving the method of trace uranium from Galateas bio-matter.;;Улучшение метода извлечения следов урана из биоматерии Галатеи.;;Verbesserung der Methode zur Gewinnung von Spuren von Uran aus Galateas-Biomasse.;;;改进从伽拉忒亚生物质中提取微量铀的方法。;;
gui/menu/research/description/bio_uranium_lvl_3;Improving the method of trace uranium from Galateas bio-matter.;;Улучшение метода извлечения следов урана из биоматерии Галатеи.;;Verbesserung der Methode zur Gewinnung von Spuren von Uran aus Galateas-Biomasse.;;;改进从伽拉忒亚生物质中提取微量铀的方法。;;
gui/menu/research/description/biogas;Bioreactors process native biomass into flammable gases;;Биореакторы перерабатывают местную биомассу в горючие газы.;;Bioreaktoren verarbeiten einheimische Biomasse zu brennbaren Gasen;;;生物反应器将本地生物质加工成可燃气体;;
gui/menu/research/description/biogas_lvl_2;Improved bioreactors processes allow faster production of flammable gas;;Улучшенные процессы биореакторов позволяют ускорить производство горючего газа.;;Verbesserte Bioreaktorprozesse ermöglichen eine schnellere Produktion von brennbarem Gas;;;改进的生物反应器工艺可更快地生产可燃气体;;
gui/menu/research/description/biogas_lvl_3;Optimized Bioreactors offer best flammable gases yield;;Оптимизированные биореакторы дают наилучший выход горючих газов.;;Optimierte Bioreaktoren bieten die beste Ausbeute an brennbaren Gasen;;;优化的生物反应器提供最佳的可燃气体产量;;
gui/menu/research/description/biomass_morphed_processing;Allows Riftbreakers to collect and utilized morphed biomass from plants and creatures in the metallic biome and utilize it to produce morphium.;;Позволяет Разломщикам собирать и использовать изменённую биомассу растений и существ в металлическом биоме для производства морфия.;;Ermöglicht es den Riftbreakers, morphed Biomasse von Pflanzen und Lebewesen im metallischen Biom zu sammeln und zu verwerten, um daraus Morphium herzustellen.;;;允许裂谷者收集和利用金属生物群系中植物和生物的变异生物质，并利用其生产形变液。;;
gui/menu/research/description/biomass_morphed_processing_lvl_2;Further adaptation for handling of morphed biomass aimed at achieving better efficiency and bigger fluid yield;;Дальнейшая адаптация для работы с изменённой биомассой, направленная на повышение эффективности и увеличение выхода жидкости.;;Weitere Anpassungen für den Umgang mit morphed Biomasse, um eine bessere Effizienz und eine höhere Flüssigkeitsausbeute zu erzielen;;;进一步调整处理变异生物质的方法，旨在实现更高的效率和更大的液体产量;;
gui/menu/research/description/biomass_morphed_processing_lvl_3;Further analysis to maximize fluid yield from harvested morphed biomass;;Дальнейший анализ для максимизации выхода жидкости из собранной изменённой биомассы.;;Weitere Analysen zur Maximierung der Flüssigkeitsausbeute aus geernteter morphed Biomasse;;;进一步分析以最大化从收获的变异生物质中获得的液体产量;;
gui/menu/research/description/biomass_processing;Plant biomass contains a large amount of fluids which can be extracted with the proper equipment;;Растительная биомасса содержит большое количество жидкостей, которые можно извлечь с помощью соответствующего оборудования.;;Pflanzliche Biomasse enthält eine große Menge an Flüssigkeiten, die mit der richtigen Ausrüstung extrahiert werden können;;;植物生物质含有大量液体，可使用适当设备提取;;
gui/menu/research/description/biomass_processing_lvl_2;Further adaptation for handling of plant and oily biomass aimed at achieving better efficiency and bigger fluid yield;;Дальнейшая адаптация для работы с растительной и маслянистой биомассой, направленная на повышение эффективности и увеличение выхода жидкости.;;Weitere Anpassungen für den Umgang mit pflanzlicher und ölhaltiger Biomasse, um eine höhere Effizienz und eine größere Flüssigkeitsausbeute zu erzielen;;;进一步调整处理植物和含油生物质的方法，旨在实现更高的效率和更大的液体产量;;
gui/menu/research/description/biomass_processing_lvl_3;Further analysis to maximize fluid yield from harvested biomass;;Дальнейший анализ для максимизации выхода жидкости из собранной биомассы.;;Weitere Analysen zur Maximierung der Flüssigkeitsausbeute aus geernteter Biomasse;;;进一步分析以最大化从收获的生物质中获得的液体产量;;
gui/menu/research/description/carbon_capture_lvl_1;Utilization of natural carbon surface concentrations for efficient capturing of atmospheric carbon;;Использование естественных поверхностных концентраций углерода для эффективного улавливания атмосферного углерода.;;;;;;;
gui/menu/research/description/carbon_capture_lvl_2;Improved carbon capture methods using locally available solvents to improve yield;;Улучшенные методы улавливания углерода с использованием местных растворителей для повышения выхода.;;;;;;;
gui/menu/research/description/carbon_capture_lvl_3;Optimization of solvents used for carbon capture to maximize yield;;Оптимизация растворителей, используемых для улавливания углерода, для максимизации выхода.;;;;;;;
gui/menu/research/description/carbonization;Synthethise carbon from carbon rich gases or liquids;;Синтезирует углерод из газов или жидкостей, богатых углеродом.;;Synthese von Kohlenstoff aus kohlenstoffreichen Gasen oder Flüssigkeiten;;;从富含碳的气体或液体中合成碳;;
gui/menu/research/description/carbonization_lvl_2;Synthethise carbon from carbon rich gases or liquids. Uses reagent as catalyst to increase the yield;;Синтезирует углерод из газов или жидкостей, богатых углеродом. Использует реагент в качестве катализатора для увеличения выхода.;;Synthese von Kohlenstoff aus kohlenstoffreichen Gasen oder Flüssigkeiten. Verwendung von Reagenzien als Katalysatoren zur Steigerung der Ausbeute;;;从富含碳的气体或液体中合成碳。使用试剂作为催化剂提高产量;;
gui/menu/research/description/carbonization_lvl_3;Synthethise carbon from carbon rich gases or liquids. Uses reagent and tanzanite as catalysts to increase the yield;;Синтезирует углерод из газов или жидкостей, богатых углеродом. Использует реагент и танзанит в качестве катализаторов для увеличения выхода.;;Synthese von Kohlenstoff aus kohlenstoffreichen Gasen oder Flüssigkeiten. Verwendung von Reagenzien als Katalysatoren zur Steigerung der Ausbeute;;;从富含碳的气体或液体中合成碳。使用试剂作为催化剂提高产量;;
gui/menu/research/description/comm_hub_expansion_lvl_1;Technical infrastructure to support a larger amount of communication hubs;;Техническая инфраструктура для поддержки большего количества коммуникационных узлов.;;Technische Infrastruktur zur Unterstützung einer größeren Anzahl von Kommunikationsknotenpunkten;;;支持更多通信中心的技术基础设施;;
gui/menu/research/description/comm_hub_expansion_lvl_2;Technical infrastructure to support a larger amount of communication hubs;;Техническая инфраструктура для поддержки большего количества коммуникационных узлов.;;Technische Infrastruktur zur Unterstützung einer größeren Anzahl von Kommunikationsknotenpunkten;;;支持更多通信中心的技术基础设施;;
gui/menu/research/description/comm_hub_expansion_lvl_3;Technical infrastructure to support a larger amount of communication hubs;;Техническая инфраструктура для поддержки большего количества коммуникационных узлов.;;Technische Infrastruktur zur Unterstützung einer größeren Anzahl von Kommunikationsknoten;;;支持更多通信中心的技术基础设施;;
gui/menu/research/description/comm_hub_expansion_lvl_4;Technical infrastructure to support a larger amount of communication hubs;;Техническая инфраструктура для поддержки большего количества коммуникационных узлов.;;Technische Infrastruktur zur Unterstützung einer größeren Anzahl von Kommunikationsknoten;;;支持更多通信中心的技术基础设施;;
gui/menu/research/description/comm_hub_lvl_2;Optimizing the Communications Hub to maintain a stronger connection and allow more data bandwidth;;Оптимизация коммуникационного узла для поддержания более сильной связи и увеличения пропускной способности данных.;;Optimierung des Kommunikationsknotens zur Aufrechterhaltung einer stärkeren Verbindung und zur Ermöglichung einer höheren Datenbandbreite;;;优化通信中心以维持更强的连接并提供更多数据带宽;;
gui/menu/research/description/comm_hub_lvl_3;Optimizing the Communications Hub to maintain a stronger connection and allow more data bandwidth;;Оптимизация коммуникационного узла для поддержания более сильной связи и увеличения пропускной способности данных.;;Optimierung des Kommunikationsknotens zur Aufrechterhaltung einer stärkeren Verbindung und zur Ermöglichung einer höheren Datenbandbreite;;;优化通信中心以维持更强的连接并提供更多数据带宽;;
gui/menu/research/description/comm_hub_lvl_4;Optimizing the Communications Hub to maintain a stronger connection and allow more data bandwidth;;Оптимизация коммуникационного узла для поддержания более сильной связи и увеличения пропускной способности данных.;;Optimierung des Kommunikationsknotens zur Aufrechterhaltung einer stärkeren Verbindung und zur Ermöglichung einer höheren Datenbandbreite;;;优化通信中心以维持更强的连接并提供更多数据带宽;;
gui/menu/research/description/comm_hub_lvl_5;Optimizing the Communications Hub to maintain a stronger connection and allow more data bandwidth;;Оптимизация коммуникационного узла для поддержания более сильной связи и увеличения пропускной способности данных.;;Optimierung des Kommunikationsknotens zur Aufrechterhaltung einer stärkeren Verbindung und zur Ermöglichung einer höheren Datenbandbreite;;;优化通信中心以维持更强的连接并提供更多数据带宽;;
gui/menu/research/description/coolants;Production of specialized coolant liquids;;Производство специализированных охлаждающих жидкостей.;;Herstellung spezieller Kühlflüssigkeiten;;;生产专用冷却液;;
gui/menu/research/description/coolants_lvl_2;More complex chemical processing gives access to production of more powerful coolants;;Более сложная химическая переработка даёт доступ к производству более мощных охладителей.;;Komplexere chemische Verfahren ermöglichen die Herstellung leistungsfähigerer Kühlmittel;;;更复杂的化学加工可生产更强大的冷却剂;;
gui/menu/research/description/coolants_lvl_3;Optimization of coolant production processes for maximum yield;;Оптимизация процессов производства охладителей для максимального выхода.;;Optimierung der Kühlmittelherstellungsprozesse für maximale Ausbeute;;;优化冷却剂生产工艺以获得最大产量;;
gui/menu/research/description/cryo_technology_lvl_2;Improved harnessing of ferdonite allows even more effective application of specialized ground cooling. This creates larger areas usable for buildings in magma biome;;Улучшенное использование фердонита позволяет более эффективно применять специализированное охлаждение грунта. Это создаёт более крупные области, пригодные для строительства в магмовом биоме.;;Eine verbesserte Nutzung von Ferdonit ermöglicht eine noch effektivere Anwendung spezieller Bodenkühlung. Dadurch entstehen größere Flächen, die im Magma-Biom für Gebäude genutzt werden können;;;改进的铁白云石利用使得更有效的地面冷却应用成为可能。这在岩浆生物群系中创造了更大的可建筑区域;;
gui/menu/research/description/crystalizer_ferdonite;Crystallizes Ferdonite from Carbonium and Water. Requires carbonium deposit as crystal seed but does not consume the deposit.;;Кристаллизует фердонит из карбония и воды. Требует месторождение карбония в качестве затравки, но не расходует его.;;Kristallisiert Ferdonit aus Carbonium und Wasser. Benötigt Carbonium-Vorkommen als Kristallkeim, verbraucht das Vorkommen jedoch nicht.;;;从碳和水结晶出铁白云石。需要碳矿床作为晶种，但不消耗矿床。;;
gui/menu/research/description/crystalizer_ferdonite_lvl2;Crystallizes Ferdonite from Carbonium Water and Super-coolant Requires carbonium deposit as crystal seed but does not consume the deposit.;;Кристаллизует фердонит из карбония, воды и суперохладителя. Требует месторождение карбония в качестве затравки, но не расходует его.;;Kristallisiert Ferdonit aus Carbonium, Wasser und Superkühlmittel. Benötigt Carboniumvorkommen als Kristallkeim, verbraucht das Vorkommen jedoch nicht.;;;从碳、水和超级冷却剂中结晶出铁白云石。需要碳矿床作为晶种，但不消耗矿床。;;
gui/menu/research/description/crystalizer_ferdonite_lvl3;Crystallizes Ferdonite from Carbonium Water and Super-coolant Requires carbonium deposit as crystal seed but does not consume the deposit.;;Кристаллизует фердонит из карбония, воды и суперохладителя. Требует месторождение карбония в качестве затравки, но не расходует его.;;Kristallisiert Ferdonit aus Carbonium, Wasser und Superkühlmittel. Benötigt Carboniumvorkommen als Kristallkeim, verbraucht das Vorkommen jedoch nicht.;;;从碳、水和超级冷却剂中结晶出铁白云石。需要碳矿床作为晶种，但不消耗矿床。;;
gui/menu/research/description/crystalizer_hazenite;Crystallizes Hazenite from Ironium and Fluorine. Requires ironium deposit as crystal seed but does not consume the deposit.;;Кристаллизует хазенит из ирония и фтора. Требует месторождение ирония в качестве затравки, но не расходует его.;;Kristallisiert Hazenit aus Ironium und Fluor. Benötigt Ironiumvorkommen als Kristallkeim, verbraucht das Vorkommen jedoch nicht.;;;从铁和氟中结晶出黑森矿。需要铁矿床作为晶种，但不消耗矿床。;;
gui/menu/research/description/crystalizer_hazenite_lvl2;Crystallizes Hazenite from Ironium Fluorine and Reagent. Requires ironium deposit as crystal seed but does not consume the deposit.;;Кристаллизует хазенит из ирония, фтора и реагента. Требует месторождение ирония в качестве затравки, но не расходует его.;;Kristallisiert Hazenit aus Ironium, Fluor und Reagenz. Benötigt Ironium-Vorkommen als Kristallkeim, verbraucht das Vorkommen jedoch nicht.;;;从铁、氟和试剂中结晶出黑森矿。需要铁矿床作为晶种，但不消耗矿床。;;
gui/menu/research/description/crystalizer_hazenite_lvl3;Crystallizes Hazenite from Ironium Fluorine and Reagent. Requires ironium deposit as crystal seed but does not consume the deposit.;;Кристаллизует хазенит из ирония, фтора и реагента. Требует месторождение ирония в качестве затравки, но не расходует его.;;Kristallisiert Hazenit aus Ironium, Fluor und Reagenz. Benötigt Ironium-Vorkommen als Kristallkeim, verbraucht das Vorkommen jedoch nicht.;;;从铁、氟和试剂中结晶出黑森矿。需要铁矿床作为晶种，但不消耗矿床。;;
gui/menu/research/description/crystalizer_rhodonite;Crystallizes Rhodonite from Ironium and Fluorine. Requires carbonium deposit as crystal seed but does not consume the deposit.;;Кристаллизует родонит из ирония и фтора. Требует месторождение карбония в качестве затравки, но не расходует его.;;Kristallisiert Rhodonit aus Ironium und Fluor. Benötigt Carbonium-Vorkommen als Kristallkeim, verbraucht das Vorkommen jedoch nicht.;;;从铁和氟中结晶出蔷薇辉石。需要碳矿床作为晶种，但不消耗矿床。;;
gui/menu/research/description/crystalizer_rhodonite_lvl2;Crystallizes Rhodonite from Ironium Fluorine and Nitric Acid. Requires carbonium deposit as crystal seed but does not consume the deposit.;;Кристаллизует родонит из ирония, фтора и азотной кислоты. Требует месторождение карбония в качестве затравки, но не расходует его.;;Kristallisiert Rhodonit aus Ironiumfluorid und Salpetersäure. Benötigt Carbonium-Vorkommen als Kristallkeim, verbraucht das Vorkommen jedoch nicht.;;;从铁、氟和硝酸中结晶出蔷薇辉石。需要碳矿床作为晶种，但不消耗矿床。;;
gui/menu/research/description/crystalizer_rhodonite_lvl3;Crystallizes Rhodonite from Ironium Fluorine and Nitric Acid. Requires carbonium deposit as crystal seed but does not consume the deposit.;;Кристаллизует родонит из ирония, фтора и азотной кислоты. Требует месторождение карбония в качестве затравки, но не расходует его.;;Kristallisiert Rhodonit aus Ironiumfluorid und Salpetersäure. Benötigt Carbonium-Vorkommen als Kristallkeim, verbraucht das Vorkommen jedoch nicht.;;;从铁、氟和硝酸中结晶出蔷薇辉石。需要碳矿床作为晶种，但不消耗矿床。;;
gui/menu/research/description/crystalizer_tanzanite;Crystallizes Tanzanite from Ammonium and Flammable Gas. Requires ammonium deposit as crystal seed but does not consume the deposit.;;Кристаллизует танзанит из аммония и горючего газа. Требует месторождение аммония в качестве затравки, но не расходует его.;;Kristallisiert Tansanit aus Ammonium und brennbarem Gas. Benötigt Ammonium-Vorkommen als Kristallkeim, verbraucht das Vorkommen jedoch nicht.;;;从铵和可燃气体中结晶出坦桑石。需要铵矿床作为晶种，但不消耗矿床。;;
gui/menu/research/description/crystalizer_tanzanite_lvl2;Crystallizes Tanzanite from Ammonium Flammable Gas and Plasma. Requires ammonium deposit as crystal seed but does not consume the deposit.;;Кристаллизует танзанит из аммония, горючего газа и плазмы. Требует месторождение аммония в качестве затравки, но не расходует его.;;Kristallisiert Tansanit aus Ammonium, brennbarem Gas und Plasma. Benötigt Ammoniumablagerung als Kristallkeim, verbraucht die Ablagerung jedoch nicht.;;;从铵、可燃气和等离子体中结晶出坦桑石。需要铵矿床作为晶种，但不消耗矿床。;;
gui/menu/research/description/crystalizer_tanzanite_lvl3;Crystallizes Tanzanite from Ammonium Flammable Gas and Plasma. Requires ammonium deposit as crystal seed but does not consume the deposit.;;Кристаллизует танзанит из аммония, горючего газа и плазмы. Требует месторождение аммония в качестве затравки, но не расходует его.;;Kristallisiert Tansanit aus Ammonium, brennbarem Gas und Plasma. Benötigt Ammoniumablagerung als Kristallkeim, verbraucht die Ablagerung jedoch nicht.;;;从铵、可燃气和等离子体中结晶出坦桑石。需要铵矿床作为晶种，但不消耗矿床。;;
gui/menu/research/description/deep_ionization;High energy physics allows the production of deeply ionized plasmas with strong electrical charge;;Физика высоких энергий позволяет производить глубоко ионизированные плазмы с сильным электрическим зарядом.;;Hochenergiephysik ermöglicht die Erzeugung von stark ionisierten Plasmen mit hoher elektrischer Ladung;;;高能物理学允许生产具有强电荷的深度电离等离子体;;
gui/menu/research/description/deep_ionization_lvl_2;Advanced techniques allow production of even deeper ionized plasmas carrying extreme charge;;Продвинутые методы позволяют производить ещё более глубоко ионизированные плазмы с экстремальным зарядом.;;Fortschrittliche Techniken ermöglichen die Erzeugung von noch stärker ionisierten Plasmen mit extremer Ladung;;;先进技术允许生产携带极端电荷的更深电离等离子体;;
gui/menu/research/description/deep_ionization_lvl_3;Production of super hot plasmas with total atomic ionization. Any more energy and the plasma becomes unstable with fusion reactions emerging.;;Производство сверхгорячих плазм с полной ионизацией атомов. При добавлении ещё большей энергии плазма становится нестабильной, возникают термоядерные реакции.;;Erzeugung extrem heißer Plasmen mit vollständiger atomarer Ionisierung. Bei noch höherer Energie wird das Plasma instabil und es kommt zu Fusionsreaktionen.;;;生产具有完全原子电离的超热等离子体。再增加能量，等离子体将变得不稳定，出现聚变反应。;;
gui/menu/research/description/depleted_uranium_high_caliber_shells;Depleted Uranium allows the manufacturing of more effective high density shells for high caliber weapons;;Обеднённый уран позволяет производить более эффективные высокоплотные снаряды для крупнокалиберного оружия.;;Abgereichertes Uran ermöglicht die Herstellung wirksamerer Geschosse mit hoher Dichte für großkalibrige Waffen;;;贫铀可以制造更有效的高密度大口径武器炮弹;;
gui/menu/research/description/depleted_uranium_high_caliber_shells_lvl_2;Improvements for the production of depleted uranium munitions that allow a more efficient production line with higher output;;Улучшения в производстве боеприпасов из обеднённого урана, обеспечивающие более эффективную производственную линию с более высоким выходом.;;Verbesserungen bei der Herstellung von Munition aus abgereichertem Uran, die eine effizientere Produktionslinie mit höherer Ausbeute ermöglichen;;;改进贫铀弹药的生产，实现更高效的生产线和更高的产量;;
gui/menu/research/description/depleted_uranium_low_caliber_shells;Depleted Uranium allows the manufacturing of more effective high density rounds for low caliber weapons;;Обеднённый уран позволяет производить более эффективные высокоплотные патроны для малокалиберного оружия.;;Abgereichertes Uran ermöglicht die Herstellung wirksamerer Geschosse mit hoher Dichte für kleinkalibrige Waffen;;;贫铀可以制造更有效的高密度小口径武器子弹;;
gui/menu/research/description/depleted_uranium_low_caliber_shells_lvl_2;Improvements for the production of depleted uranium munitions that allow a more efficient production line with higher output;;Улучшения в производстве боеприпасов из обеднённого урана, обеспечивающие более эффективную производственную линию с более высоким выходом.;;Verbesserungen bei der Herstellung von Munition aus abgereichertem Uran, die eine effizientere Produktionslinie mit höherer Ausbeute ermöglichen.;;;改进贫铀弹药的生产，实现更高效的生产线和更高的产量;;
gui/menu/research/description/energy_connector_eluminated;Energy connectors with illumination functionality. Comes with basic color variants;;Энергетические соединители с функцией подсветки. Поставляются с базовыми цветовыми вариантами.;;Energieverbinder mit Beleuchtung. Kommt mit verschieden Farbvariationen;;;;;
gui/menu/research/description/energy_enhancer_lvl_1;Some energy production can be significantly leveraged using highly specialized plasmas. The energy enhancer is an expanded energy grid balancer applying the plasma leverage on top.;;;;;;;;;
gui/menu/research/description/energy_enhancer_lvl_2;Energy enhancement produces a lot of heat. Dedicated cooling enables to sustain a highly leveraged power production;;;;;;;;;
gui/menu/research/description/energy_enhancer_lvl_3;Naturally occuring resin offers a near perfect plasma replacement for maximized energy leveraging.;;;;;;;;;
gui/menu/research/description/fire_control_station;This technology surveys the surroundings for threats and enables intelligent defense buildings control to save resources;;Эта технология сканирует окрестности на предмет угроз и обеспечивает интеллектуальное управление оборонительными сооружениями для экономии ресурсов.;;Diese Technologie überwacht die Umgebung auf Bedrohungen und ermöglicht eine intelligente Steuerung von Verteidigungsgebäuden, um Ressourcen zu sparen.;;;这项技术监视周围环境的威胁，并实现智能防御建筑控制以节省资源;;
gui/menu/research/description/fire_control_station_artillery;Powers up/down long range artillery towers depending on if enemies are in vicinity or not. Much wider detection range then regular fire control stations;;Включает/выключает башни дальней артиллерии в зависимости от наличия врагов поблизости. Радиус обнаружения намного больше, чем у обычных станций управления огнём.;;Schaltet Langstrecken-Artillerietürme ein oder aus, je nachdem, ob sich Feinde in der Nähe befinden oder nicht. Viel größerer Erfassungsbereich als bei herkömmlichen Feuerleitstellen.;;;根据附近是否有敌人来启动/关闭远程炮塔。检测范围比普通火力控制站大得多;;
gui/menu/research/description/floating_power_connectors;Specialized energy connectors floating on the surface of liquids enabling to expand the power grid over any kind of lakes;;Специализированные энергетические соединители, плавающие на поверхности жидкостей, позволяющие расширять энергосеть над любыми озёрами.;;;;;;;
gui/menu/research/description/fluorine_capture;Technology to capture atmospheric fluorine;;Технология улавливания атмосферного фтора.;;Technologie zur Abscheidung von Fluor aus der Atmosphäre.;;;捕获大气中氟的技术;;
gui/menu/research/description/fluorine_capture_lvl_2;Adapted fluorine capture method for fluorine rich biomes;;Адаптированный метод улавливания фтора для биомов, богатых фтором.;;Angepasste Methode zur Fluorabscheidung für fluorreiche Biome.;;;适用于富含氟的生物群系的改进氟捕获方法;;
gui/menu/research/description/fluorine_capture_lvl_3;Advanced process using natural hazenite for higher yield capture of atmospheric fluorine gas.;;Продвинутый процесс с использованием природного хазенита для более эффективного улавливания газообразного фтора из атмосферы.;;Fortschrittliches Verfahren unter Verwendung von natürlichem Hazenit für eine ertragreichere Abscheidung von Fluorgas aus der Atmosphäre.;;;使用天然黑森矿的高级工艺，用于更高产量地捕获大气氟气。;;
gui/menu/research/description/gas_filtering_lvl2;Gas Filtering 2;;Фильтрация газов 2.;;Gasfilterung 2;;;气体过滤2级;;
gui/menu/research/description/gas_filtering_lvl3;Gas Filtering 3;;Фильтрация газов 3.;;Gasfilterung 3;;;气体过滤3级;;
gui/menu/research/description/general_storage;Storage facilities for various native solid materials;;Хранилища для различных местных твёрдых материалов.;;Lagerstätten für verschiedene einheimische Feststoffe;;;各种本地固体材料的存储设施;;
gui/menu/research/description/geoscanning_lvl_1;Basic methods of geoscanning provide mapping of underground deposits thus enable better exploitation of them;;Базовые методы геосканирования обеспечивают картирование подземных месторождений, что позволяет лучше их разрабатывать.;;Grundlegende Methoden des Geoscannings ermöglichen die Kartierung unterirdischer Vorkommen und damit deren bessere Ausbeutung;;;基础地理扫描技术能够绘制地下矿藏分布图，从而实现对资源更高效的开发利用。;;
gui/menu/research/description/geoscanning_lvl_2;Improving geoscanning techniques;;Улучшение методов геосканирования.;;Verbesserung der Geoscanning-Techniken;;;改进地质扫描技术;;
gui/menu/research/description/geoscanning_lvl_3;Optimizing geoscanning techniques;;Оптимизация методов геосканирования.;;Optimierung der Geoscanning-Techniken;;;优化地质扫描技术;;
gui/menu/research/description/geothermal_lvl_1;Provides facilities that enable harnessing geothermal heat energy from active areas like geysers;;Предоставляет сооружения, позволяющие использовать геотермальную тепловую энергию из активных зон, таких как гейзеры.;;Stellt Anlagen bereit, die die Nutzung geothermischer Wärmeenergie aus aktiven Gebieten wie Geysiren ermöglichen;;;提供从活跃区域（如地热喷口）获取地热能的设施。;;
gui/menu/research/description/geothermal_lvl_2;Improved and more sophisticated design achieve an higher energy yield from geothermal sources;;Улучшенный и более сложный проект позволяет получить более высокий выход энергии из геотермальных источников.;;Verbessertes und ausgefeilteres Design erzielt eine höhere Energieausbeute aus geothermischen Quellen;;;通过更先进、更精密的设计，从地热源获取更高的能量产出。;;
gui/menu/research/description/geothermal_lvl_3;Further optimization in combination with geoscanning allow to achieve even better energy yields but do not work without active scanning stations;;Дальнейшая оптимизация в сочетании с геосканированием позволяет достичь ещё лучших показателей выработки энергии, но не работает без активных сканирующих станций.;;Eine weitere Optimierung in Kombination mit Geoscanning ermöglicht noch bessere Energieausbeuten, funktioniert jedoch nicht ohne aktive Scanstationen;;;结合地质扫描的进一步优化，可实现更高的能量产出，但必须在地质扫描站处于激活状态时才能生效。;;
gui/menu/research/description/groundwater_access;Drilling water wells allows to access the local groundwater. Even though this may have low yield it provides access to water in areas with no surface water.;;Бурение водяных скважин обеспечивает доступ к местным грунтовым водам. Несмотря на возможную низкую производительность, это даёт доступ к воде в районах без поверхностных вод.;;Das Bohren von Wasserbrunnen ermöglicht den Zugang zum lokalen Grundwasser. Auch wenn dies eine geringe Ausbeute haben mag, bietet es Zugang zu Wasser in Gebieten ohne Oberflächenwasser.;;;钻水井可以获取当地地下水。尽管产量可能较低，但它为无地表水的地区提供了水源。;;
gui/menu/research/description/heat_charger;Utilizes extreme heat energy to achieve and maintain highly ionized plasmas But charge separation remains difficult allowing for only low extraction of supercharged plasma;;Использует экстремальную тепловую энергию для получения и поддержания высокоионизированной плазмы, но разделение зарядов остаётся сложным, что позволяет лишь незначительное извлечение суперзаряженной плазмы.;;Nutzt extreme Wärmeenergie, um hochionisierte Plasmen zu erzeugen und aufrechtzuerhalten. Die Ladungstrennung bleibt jedoch schwierig, was nur eine geringe Gewinnung von hochgeladenem Plasma zulässt;;;利用极端热能实现并维持高度电离的等离子体。但电荷分离仍然困难，只能少量提取超级带电等离子体;;
gui/menu/research/description/heat_charger_lvl_2;Improves thermal ionization and the consequent charge separation process by application of rhodonite to greatly increase yield;;Улучшает термическую ионизацию и последующий процесс разделения зарядов с помощью родонита, значительно увеличивая выход.;;Verbessert die thermische Ionisierung und den daraus resultierenden Ladungstrennungsprozess durch den Einsatz von Rhodonit, um die Ausbeute erheblich zu steigern;;;通过应用蔷薇辉石改进热电离及随后的电荷分离过程，大幅提高产量;;
gui/menu/research/description/heat_charger_lvl_3;Optimizes thermal ionization process by usage of palladium components to maximize yield ;;Оптимизирует процесс термической ионизации с использованием палладиевых компонентов для максимизации выхода.;;Optimiert den thermischen Ionisierungsprozess durch den Einsatz von Palladiumkomponenten, um die Ausbeute zu maximieren;;;通过使用钯组件优化热电离过程，最大化产量;;
gui/menu/research/description/heavy_water_plant_lvl_2;Improves Deuterium isolation and yield in heavy water production process by improved mass separation;;Улучшает выделение дейтерия и его выход в процессе производства тяжёлой воды за счёт улучшенного масс-разделения.;;Verbessert die Deuteriumisolierung und -ausbeute im Schwerwasserproduktionsprozess durch verbesserte Massentrennung;;;通过改进的质量分离技术，提升重水生产过程中氘的分离效率与产出量。;;
gui/menu/research/description/heavy_water_plant_lvl_3;Optimized Deuterium isolation and yield in heavy water production process by improved mass separation;;Оптимизирует выделение дейтерия и его выход в процессе производства тяжёлой воды за счёт улучшенного масс-разделения.;;Optimierte Deuteriumisolierung und -ausbeute im Schwerwasserproduktionsprozess durch verbesserte Massentrennung;;;通过改进的质量分离技术，提升重水生产过程中氘的分离效率与产出量。;;
gui/menu/research/description/heavy_water_reactor_lvl_2;Enables a Nuclear Power plant variant which is able to use raw uranium. Requires deuterium based heavy water as moderator and coolant.;;Открывает вариант атомной электростанции, способной использовать сырой уран. Требует тяжёлую воду на основе дейтерия в качестве замедлителя и охладителя.;;Ermöglicht eine Variante des Kernkraftwerks, die Rohuran nutzen kann. Erfordert deuteriumbasiertes Schwerwasser als Moderator und Kühlmittel.;;;解锁一种能够使用天然铀的核电站变体。需要使用以氘为基础的重水作为中子减速剂和冷却剂。;;
gui/menu/research/description/heavy_water_reactor_lvl_3;Improved heavy water reactor efficiency & energy and Fissonium Flux yield;;Повышенная эффективность и энерговыработка реактора на тяжёлой воде, а также выход потока фиссония.;;Verbesserte Effizienz des Schwerwasserreaktors sowie Energie- und Fissioniumflussausbeute;;;提升重水反应堆的效率、能量产出以及裂变产物（Fissonium）的通量。;;
gui/menu/research/description/high_caliber_weapons;Adds large caliber weaponry to the Riftbreakers arsenal including defensive towers. High caliber weapons offer high single shot damage but at a relative slow rate of fire.;;Добавляет крупнокалиберное вооружение в арсенал Разломщиков, включая оборонительные башни. Крупнокалиберное оружие наносит высокий урон за один выстрел, но имеет относительно низкую скорострельность.;;Erweitert das Arsenal der Riftbreakers um großkalibrige Waffen, einschließlich Verteidigungstürme. Großkalibrige Waffen bieten hohen Einzelschussschaden, jedoch bei einer relativ langsamen Feuerrate.;;;为裂谷者的武器库添加大口径武器，包括防御塔。大口径武器单发伤害高，但射速相对较慢。;;
gui/menu/research/description/high_caliber_weapons_lvl_2;Advanced large caliber weaponry better adapted to the planets hazards and available resources for production.;;Продвинутое крупнокалиберное вооружение, лучше адаптированное к опасностям планеты и доступным ресурсам для производства.;;Fortschrittliche großkalibrige Waffen, die besser an die Gefahren des Planeten und die verfügbaren Produktionsressourcen angepasst sind.;;;先进的大口径武器，更好地适应行星危害和可用的生产资源。;;
gui/menu/research/description/high_caliber_weapons_lvl_3;Perfected large caliber weaponry perfectly tailored to the planets hazards and available resources for production.;;Усовершенствованное крупнокалиберное вооружение, идеально подогнанное под опасности планеты и доступные ресурсы для производства.;;Perfektionierte großkalibrige Waffen, die perfekt auf die Gefahren des Planeten und die verfügbaren Produktionsressourcen zugeschnitten sind.;;;完善的大口径武器，完美契合行星危害和可用的生产资源。;;
gui/menu/research/description/ionizer_lvl_2;Gas ionization technology enables a more efficient creation of plasma.;;Технология ионизации газа позволяет более эффективно создавать плазму.;;Die Gasionisationstechnologie ermöglicht eine effizientere Erzeugung von Plasma.;;;气体电离技术能够更有效地产生等离子体。;;
gui/menu/research/description/ionizer_lvl_3;Optimized ionization methods by injection of trace amounts of palladium enable a high yield plasma production;;Оптимизированные методы ионизации путём введения следовых количеств палладия обеспечивают высокий выход плазмы.;;Optimierte Ionisationsmethoden durch Injektion von Spurenmengen an Palladium ermöglichen eine Plasmaerzeugung mit hohem Ertrag.;;;通过注入微量钯的优化电离方法，实现高产量的等离子体生产。;;
gui/menu/research/description/irradiator_lvl_1;The process of irradiating materials with high energy electromagnetic radiation to produce various unstable isotopes of chemical elements and process it into a indurialized fissium flux for wider application;;Процесс облучения материалов высокоэнергетическим электромагнитным излучением для получения различных нестабильных изотопов химических элементов и переработки их в промышленный поток фиссония для более широкого применения.;;Der Prozess der Bestrahlung von Materialien mit hochenergetischer elektromagnetischer Strahlung, um verschiedene instabile Isotope chemischer Elemente zu erzeugen und diese zu einem industrialisierten Fissium-Flux für breitere Anwendungsmöglichkeiten zu verarbeiten.;;;利用高能电磁辐射照射材料，产生多种不稳定化学元素的同位素，并将其加工成工业化的裂变通量，以供广泛应用。;;
gui/menu/research/description/irradiator_lvl_2;The process of irradiating materials with high energy electromagnetic radiation to produce various unstable isotopes of chemical elements and process it into a indurialized fissium flux for wider application;;Процесс облучения материалов высокоэнергетическим электромагнитным излучением для получения различных нестабильных изотопов химических элементов и переработки их в промышленный поток фиссония для более широкого применения.;;Der Prozess der Bestrahlung von Materialien mit hochenergetischer elektromagnetischer Strahlung zur Erzeugung verschiedener instabiler Isotope chemischer Elemente und deren Verarbeitung zu einem industrialisierten Fissium-Fluss für breitere Anwendungsmöglichkeiten;;;利用高能电磁辐射照射材料，产生多种不稳定化学元素的同位素，并将其加工成工业化的裂变通量，以供广泛应用。;;
gui/menu/research/description/irradiator_lvl_3;The process of irradiating materials with high energy electromagnetic radiation to produce various unstable isotopes of chemical elements and process it into a indurialized fissium flux for wider application;;Процесс облучения материалов высокоэнергетическим электромагнитным излучением для получения различных нестабильных изотопов химических элементов и переработки их в промышленный поток фиссония для более широкого применения.;;Der Prozess der Bestrahlung von Materialien mit hochenergetischer elektromagnetischer Strahlung zur Erzeugung verschiedener instabiler Isotope chemischer Elemente und deren Verarbeitung zu einem industrialisierten Fissium-Fluss für breitere Anwendungsmöglichkeiten;;;利用高能电磁辐射照射材料，产生多种不稳定化学元素的同位素，并将其加工成工业化的裂变通量，以供广泛应用。;;
gui/menu/research/description/liquid_storage_lvl_1;An universal storage silo for liquids, pressurized gasses or plasmas.;;Универсальный складской силос для жидкостей, сжатых газов или плазмы.;;;;;;;
gui/menu/research/description/liquid_storage_lvl_2;An universal storage silo for liquids, pressurized gasses or plasmas. This variant is build to withstand larger pressure with a higher capacity but occupies more space;;Универсальный складской силос для жидкостей, сжатых газов или плазмы. Этот вариант рассчитан на большее давление, имеет большую вместимость, но занимает больше места.;;;;;;;
gui/menu/research/description/liquid_storage_lvl_3;An universal storage silo for liquids, pressurized gasses or plasmas. This variant massive reinforced variant has huge capacity but also requires the most space;;Универсальный складской силос для жидкостей, сжатых газов или плазмы. Этот массивный усиленный вариант имеет огромную вместимость, но требует больше всего места.;;;;;;;
gui/menu/research/description/mech_upgrade_anti_corrosive_armor_lvl_2;Anti-Corrosive Armor 2;;Антикоррозионная броня 2.;;Korrosionsbeständige Rüstung 2;;;抗腐蚀装甲2级;;
gui/menu/research/description/mech_upgrade_anti_corrosive_armor_lvl_3;Anti-Corrosive Armor 3;;Антикоррозионная броня 3.;;Korrosionsbeständige Rüstung 3;;;抗腐蚀装甲3级;;
gui/menu/research/description/mech_upgrade_anti_corrosive_armor_lvl_4;Anti-Corrosive Armor 4;;Антикоррозионная броня 4.;;Korrosionsbeständige Rüstung 4;;;抗腐蚀装甲4级;;
gui/menu/research/description/mech_upgrade_energy_armor_lvl_2;Energy Armor 2;;Энергетическая броня 2.;;Energiepanzerung 2;;;能量装甲2级;;
gui/menu/research/description/mech_upgrade_energy_armor_lvl_3;Energy Armor 3;;Энергетическая броня 3.;;Energiepanzerung 3;;;能量装甲3级;;
gui/menu/research/description/mech_upgrade_energy_armor_lvl_4;Energy Armor 4;;Энергетическая броня 4.;;Energiepanzerung 4;;;能量装甲4级;;
gui/menu/research/description/mech_upgrade_fireproof_armor_lvl_2;Fireproof Armor 2;;Огнеупорная броня 2.;;Feuerfeste Panzerung 2;;;防火装甲2级;;
gui/menu/research/description/mech_upgrade_fireproof_armor_lvl_3;Fireproof Armor 3;;Огнеупорная броня 3.;;Feuerfeste Panzerung 3;;;防火装甲3级;;
gui/menu/research/description/mech_upgrade_fireproof_armor_lvl_4;Fireproof Armor 4;;Огнеупорная броня 4.;;Feuerfeste Panzerung 4;;;防火装甲4级;;
gui/menu/research/description/mech_upgrade_reflective_armor_lvl_2;Reflective Armor 2;;Отражающая броня 2.;;Reflektierende Panzerung 2;;;反射装甲2级;;
gui/menu/research/description/mech_upgrade_reflective_armor_lvl_3;Reflective Armor 3;;Отражающая броня 3.;;Reflektierende Panzerung 3;;;反射装甲3级;;
gui/menu/research/description/mech_upgrade_reflective_armor_lvl_4;Reflective Armor 4;;Отражающая броня 4.;;Reflektierende Panzerung 4;;;反射装甲4级;;
gui/menu/research/description/mech_weapons_burst_rifle_lvl_2;Burst Rifle – Advanced;;Штурмовая винтовка — продвинутая.;;Sturmgewehr – Fortgeschritten;;;爆发步枪 - 高级;;
gui/menu/research/description/mech_weapons_burst_rifle_lvl_3;Burst Rifle - Superior;;Штурмовая винтовка — превосходная.;;Sturmgewehr – Überlegen;;;爆发步枪 - 卓越;;
gui/menu/research/description/mech_weapons_burst_rifle_lvl_4;Burst Rifle - Extreme;;Штурмовая винтовка — экстремальная.;;Sturmgewehr – Extrem;;;爆发步枪 - 顶级;;
gui/menu/research/description/mech_weapons_granade_launcher_lvl_2;Grenade Launcher - Advanced;;Гранатомёт — продвинутый.;;Granatwerfer – Fortgeschritten;;;榴弹发射器 - 高级;;
gui/menu/research/description/mech_weapons_granade_launcher_lvl_3;Grenade Launcher - Superior;;Гранатомёт — превосходный.;;Granatwerfer – Überlegen;;;榴弹发射器 - 卓越;;
gui/menu/research/description/mech_weapons_granade_launcher_lvl_4;Grenade Launcher - Extreme;;Гранатомёт — экстремальный.;;Granatwerfer – Extrem;;;榴弹发射器 - 顶级;;
gui/menu/research/description/mech_weapons_mine_layer_lvl_2;Mine Layer – Advanced;;Минный заградитель — продвинутый.;;Minenleger – Fortgeschritten;;;布雷器 - 高级;;
gui/menu/research/description/mech_weapons_mine_layer_lvl_3;Mine Layer - Superior;;Минный заградитель — превосходный.;;Minenleger – Überlegen;;;布雷器 - 卓越;;
gui/menu/research/description/mech_weapons_mine_layer_lvl_4;Mine Layer - Extreme;;Минный заградитель — экстремальный.;;Minenleger – Extrem;;;布雷器 - 顶级;;
gui/menu/research/description/mech_weapons_rocket_launcher_lvl_2;Rocket Launcher – Advanced;;Ракетная установка — продвинутая.;;Raketenwerfer – Fortgeschritten;;;火箭发射器 - 高级;;
gui/menu/research/description/mech_weapons_rocket_launcher_lvl_3;Rocket Launcher - Superior;;Ракетная установка — превосходная.;;Raketenwerfer – Überlegen;;;火箭发射器 - 卓越;;
gui/menu/research/description/mech_weapons_rocket_launcher_lvl_4;Rocket Launcher - Extreme;;Ракетная установка — экстремальная.;;Raketenwerfer – Extrem;;;火箭发射器 - 顶级;;
gui/menu/research/description/mech_weapons_shotgun_lvl_2;Shotgun – Advanced;;Дробовик — продвинутый.;;Schrotflinte – Fortgeschritten;;;霰弹枪 - 高级;;
gui/menu/research/description/mech_weapons_shotgun_lvl_3;Shotgun - Superior;;Дробовик — превосходный.;;Schrotflinte – Überlegen;;;霰弹枪 - 卓越;;
gui/menu/research/description/mech_weapons_shotgun_lvl_4;Shotgun - Extreme;;Дробовик — экстремальный.;;Schrotflinte – Extrem;;;霰弹枪 - 顶级;;
gui/menu/research/description/mech_weapons_sniper_rifle_lvl_2;90mm Cannon – Advanced;;90-мм пушка — продвинутая.;;90-mm-Kanone – Fortgeschritten;;;90毫米加农炮 - 高级;;
gui/menu/research/description/mech_weapons_sniper_rifle_lvl_3;90mm Cannon - Superior;;90-мм пушка — превосходная.;;90-mm-Kanone – Überlegen;;;90毫米加农炮 - 卓越;;
gui/menu/research/description/mech_weapons_sniper_rifle_lvl_4;90mm Cannon - Extreme;;90-мм пушка — экстремальная.;;90-mm-Kanone – Extrem;;;90毫米加农炮 - 顶级;;
gui/menu/research/description/metal_extractor_lvl_2;Applying the powerful properties to rhodonite allows stimulating consistent ironium growth but requires immediate processing on site;;Применение мощных свойств родонита позволяет стимулировать устойчивый рост ирония, но требует немедленной переработки на месте.;;;;;;;
gui/menu/research/description/metal_extractor_lvl_3;Further improves process and utilized piped fuel for the blast furnace instead of using carbonium;;Дальнейшее улучшение процесса и использование трубопроводного топлива для доменной печи вместо карбония.;;;;;;;
gui/menu/research/description/metallurgy;Basic metallurgy technology for production of high quality metals and alloys;;Базовая металлургическая технология для производства высококачественных металлов и сплавов.;;Grundlegende Metallurgietechnologie zur Herstellung hochwertiger Metalle und Legierungen;;;生产高质量金属和合金的基础冶金技术;;
gui/menu/research/description/metallurgy_lvl_2;Advanced metallurgy technology for production of high quality metals and alloys;;Продвинутая металлургическая технология для производства высококачественных металлов и сплавов.;;Fortgeschrittene Metallurgietechnologie zur Herstellung hochwertiger Metalle und Legierungen;;;生产高质量金属和合金的高级冶金技术;;
gui/menu/research/description/metallurgy_lvl_3;Optimized metallurgy technology for production of high quality metals and alloys;;Оптимизированная металлургическая технология для производства высококачественных металлов и сплавов.;;Optimierte Metallurgietechnologie zur Herstellung hochwertiger Metalle und Legierungen;;;生产高质量金属和合金的优化冶金技术;;
gui/menu/research/description/mini_miner;A deployable miner that utilizes onboard batteries to mine surface deposits. Ceases production when it runs out of energy;;Развёртываемый добытчик, использующий встроенные батареи для добычи поверхностных месторождений. Прекращает работу при разряде батарей.;;Ein einsetzbarer Bergbauroboter, der mit Hilfe seiner integrierten Batterien Oberflächenvorkommen abbaut. Stellt die Produktion ein, wenn die Energie aufgebraucht ist.;;;一种可部署的采矿机，利用机载电池开采地表矿床。能量耗尽时停止生产;;
gui/menu/research/description/mini_miner_lvl_2;A improved version of the deployable miner that utilizes onboard batteries to mine surface deposits. Ceases production when it runs out of energy. Improves mining speed and battery time;;Улучшенная версия развёртываемого добытчика, использующего встроенные батареи для добычи поверхностных месторождений. Прекращает работу при разряде батарей. Улучшает скорость добычи и время работы от батарей.;;Eine verbesserte Version des einsetzbaren Bergbauroboters, der mit Hilfe seiner integrierten Batterien Oberflächenvorkommen abbaut. Stellt die Produktion ein, wenn die Energie aufgebraucht ist. Verbessert die Abbaugeschwindigkeit und die Batterielaufzeit.;;;可部署采矿机的改进版本，利用机载电池开采地表矿床。能量耗尽时停止生产。提高了采矿速度和电池续航时间;;
gui/menu/research/description/mini_miner_lvl_3;A optimized version of the deployable miner that utilizes onboard batteries to mine surface deposits. Ceases production when it runs out of energy. Optimized mining speed and battery time;;Оптимизированная версия развёртываемого добытчика, использующего встроенные батареи для добычи поверхностных месторождений. Прекращает работу при разряде батарей. Оптимизирована скорость добычи и время работы от батарей.;;Eine optimierte Version des einsetzbaren Bergbauroboters, der mit Hilfe seiner integrierten Batterien Oberflächenvorkommen abbaut. Stellt die Produktion ein, wenn die Energie aufgebraucht ist. Optimierte Abbaugeschwindigkeit und Akkulaufzeit;;;可部署采矿机的优化版本，利用机载电池开采地表矿床。能量耗尽时停止生产。优化的采矿速度和电池续航时间;;
gui/menu/research/description/mini_miner_lvl_4;A experimental version of the deployable miner that utilizes onboard batteries to mine surface deposits. Ceases production when it runs out of energy. Maximized mining speed and battery time;;Экспериментальная версия развёртываемого добытчика, использующего встроенные батареи для добычи поверхностных месторождений. Прекращает работу при разряде батарей. Максимизирована скорость добычи и время работы от батарей.;;Eine experimentelle Version des einsetzbaren Bergbaugeräts, das mit Hilfe von integrierten Akkus Oberflächenvorkommen abbaut. Stellt die Produktion ein, wenn die Energie aufgebraucht ist. Maximierte Abbaugeschwindigkeit und Akkulaufzeit;;;可部署采矿机的实验版本，利用机载电池开采地表矿床。能量耗尽时停止生产。最大化的采矿速度和电池续航时间;;
gui/menu/research/description/moisture_trap;Captures moisture from the air and provides low amount of water. Yield depends on biome;;Улавливает влагу из воздуха и даёт небольшое количество воды. Выход зависит от биома.;;Nimmt Feuchtigkeit aus der Luft auf und liefert eine geringe Menge Wasser;;;从空气中捕获水分，提供少量水;;
gui/menu/research/description/moisture_trap_lvl_2;Advanced process using natural hazenite for higher yield capture of water from atmospheric moisture. Yield depends on biome;;Продвинутый процесс с использованием природного хазенита для более эффективного извлечения воды из атмосферной влаги. Выход зависит от биома.;;Fortschrittliches Verfahren unter Verwendung von natürlichem Hazenit für eine ertragreichere Gewinnung von Wasser aus der Luftfeuchtigkeit;;;使用天然黑森矿的高级工艺，从大气水分中更高产量地捕获水;;
gui/menu/research/description/morphium_factory_lvl_1;We found a way to synthetically replicate Morphium utilizing special fragments of the Xmorph tech. We still do not fully understand how they work but that can be saved for later;;Мы нашли способ синтезировать Морфий, используя специальные фрагменты технологии Xmorph. Мы до сих пор не до конца понимаем, как они работают, но это можно отложить на потом.;;Wir haben einen Weg gefunden, Morphium mithilfe spezieller Fragmente der Xmorph-Technologie synthetisch nachzubilden. Wir verstehen noch nicht vollständig, wie sie funktionieren, aber das kann für später aufgehoben werden;;;我们发现了一种方法，可以利用Xmorph科技的特殊碎片来人工合成Morphium。我们仍未完全理解其原理，但这可以留待以后研究。;;
gui/menu/research/description/morphium_factory_lvl_2;Improved Morphium Synthesizer;;Улучшенный синтезатор морфия.;;Verbesserter Morphium-Synthesizer;;;改进型形态素合成器;;
gui/menu/research/description/morphium_factory_lvl_3;Optimized Morphium Synthesizer;;Оптимизированный синтезатор морфия.;;Optimierter Morphium-Synthesizer;;;优化型形态素合成器;;
gui/menu/research/description/mycelium_processing;Allows Riftbreakers to collect and utilized mycelium biomass from mushroom-like organisms to extract fluorine gas from its fluorine rich biomass;;Позволяет Разломщикам собирать и использовать мицелиальную биомассу из грибоподобных организмов для извлечения газообразного фтора из их богатой фтором биомассы.;;Ermöglicht es Riftbreakers, Myzel-Biomasse von pilzartigen Organismen zu sammeln und zu nutzen, um Fluorgas aus ihrer fluorreichen Biomasse zu extrahieren;;;允许裂谷者收集和利用蘑菇状生物的菌丝体生物质，从其富含氟的生物质中提取氟气;;
gui/menu/research/description/mycelium_processing_lvl_2;Further adaptation for handling of mycelium biomass aimed at achieving better efficiency and bigger fluorine yield;;Дальнейшая адаптация для работы с мицелиальной биомассой, направленная на повышение эффективности и увеличение выхода фтора.;;Weitere Anpassung für den Umgang mit Myzel-Biomasse mit dem Ziel, eine bessere Effizienz und eine höhere Fluorausbeute zu erzielen;;;进一步调整处理菌丝体生物质的方法，旨在实现更高的效率和更大的氟产量;;
gui/menu/research/description/mycelium_processing_lvl_3;Further analysis to maximize fluorine yield from harvested mycelium biomass;;Дальнейший анализ для максимизации выхода фтора из собранной мицелиальной биомассы.;;Weitere Analysen zur Maximierung der Fluorausbeute aus geernteter Myzelbiomasse;;;进一步分析以最大化从收获的菌丝体生物质中获得的氟产量;;
gui/menu/research/description/nitrification_site_lvl_2;Processes raw ammonium directly from deposits into nitric acid;;Перерабатывает сырой аммоний непосредственно из месторождений в азотную кислоту.;;Verarbeitet Rohammonium direkt aus Lagerstätten zu Salpetersäure;;;将矿床中的原生铵直接加工为硝酸。;;
gui/menu/research/description/nitrification_site_lvl_3;Improves the raw ammonium processing directly from deposits into nitric acid by the addition of sludge to maximize yield;;Улучшает переработку сырого аммония непосредственно из месторождений в азотную кислоту путём добавления шлама для максимизации выхода.;;Verbessert die Verarbeitung von Rohammonium direkt aus Lagerstätten zu Salpetersäure durch Zugabe von Schlamm, um die Ausbeute zu maximieren;;;通过添加污泥来优化从矿床直接加工原生铵盐为硝酸的流程，以最大化产出。;;
gui/menu/research/description/nitrogen_chemistry;Basic processing tech for handling nitrogen compounds - including ammonium;;Базовая технология переработки для работы с соединениями азота, включая аммоний.;;Grundlegende Verarbeitungstechnologie für den Umgang mit Stickstoffverbindungen – einschließlich Ammonium;;;处理氮化合物（包括铵）的基础加工技术;;
gui/menu/research/description/nitrogen_chemistry_lvl_2;Improved processing tech handling nitrogen compounds;;Улучшенная технология переработки для работы с соединениями азота.;;Verbesserte Verarbeitungstechnologie für den Umgang mit Stickstoffverbindungen;;;改进的处理氮化合物的加工技术;;
gui/menu/research/description/nitrogen_chemistry_lvl_3;Optimized processing tech handling nitrogen compounds;;Оптимизированная технология переработки для работы с соединениями азота.;;Optimierte Verarbeitungstechnologie für den Umgang mit Stickstoffverbindungen;;;优化的处理氮化合物的加工技术;;
gui/menu/research/description/offshore_wind_lvl_1;Wind turbine platform adapted for offshore construction to harness wind power whenever it is. Produces power when the wind blows;;Платформа ветряной турбины, адаптированная для морского строительства, чтобы использовать энергию ветра, когда он дует. Вырабатывает энергию при наличии ветра.;;Windturbinenplattform, angepasst für den Offshore-Bau, um Windkraft zu nutzen, wann immer sie verfügbar ist. Erzeugt Strom, wenn der Wind weht;;;风力涡轮机平台适配海上建造，可在任何有风的地方利用风能。有风时即可发电。;;
gui/menu/research/description/offshore_wind_lvl_2;Wind turbine platform adapted for offshore construction to harness wind power whenever it is. Produces power when the wind blows;;Платформа ветряной турбины, адаптированная для морского строительства, чтобы использовать энергию ветра, когда он дует. Вырабатывает энергию при наличии ветра.;;Windkraftanlagenplattform, angepasst für den Offshore-Bau, um Windenergie zu nutzen, wann immer sie verfügbar ist. Erzeugt Strom, wenn der Wind weht;;;风力涡轮机平台适配海上建造，可在任何有风的地方利用风能。有风时即可发电。;;
gui/menu/research/description/ore_processing_lvl_1;Raw ores harvested from strip and subsurface mines can be more efficiently processed into valuable minerals by ore mills.;;Сырая руда, добытая в карьерах и подземных шахтах, может быть более эффективно переработана в ценные минералы с помощью рудодробилок.;;Roh-Erze, die aus Tagebau- und Untertagebergwerken gewonnen werden, können durch Erzmühlen effizienter zu wertvollen Mineralien verarbeitet werden.;;;从露天矿和地下矿开采的原矿可以通过矿石磨机更有效地加工成有价值的矿物。;;
gui/menu/research/description/ore_processing_lvl_2;Raw ores harvested from strip and subsurface mines can be more efficiently processed into valuable minerals by ore mills.;;Сырая руда, добытая в карьерах и подземных шахтах, может быть более эффективно переработана в ценные минералы с помощью рудодробилок.;;Roh-Erze, die aus Tagebau- und Untertagebergwerken gewonnen werden, können durch Erzmühlen effizienter zu wertvollen Mineralien verarbeitet werden.;;;从露天矿和地下矿开采的原矿可以通过矿石磨机更有效地加工成有价值的矿物。;;
gui/menu/research/description/ore_processing_lvl_3;Raw ores harvested from strip and subsurface mines can be more efficiently processed into valuable minerals by ore mills.;;Сырая руда, добытая в карьерах и подземных шахтах, может быть более эффективно переработана в ценные минералы с помощью рудодробилок.;;Roherz, das aus Tagebau- und Untertagebergwerken gewonnen wird, kann in Erzmühlen effizienter zu wertvollen Mineralien verarbeitet werden.;;;从露天矿和地下矿开采的原矿可以通过矿石磨机更有效地加工成有价值的矿物。;;
gui/menu/research/description/outposts_lvl_1;Technical infrastructure needed to support a larger amount of remote outpost;;Техническая инфраструктура, необходимая для поддержки большего числа удалённых аванпостов.;;Technische Infrastruktur, die zur Unterstützung einer größeren Anzahl abgelegener Außenposten benötigt wird;;;支持更多远程前哨所需的技术基础设施;;
gui/menu/research/description/outposts_lvl_2;Technical infrastructure needed to support a larger amount of remote outpost;;Техническая инфраструктура, необходимая для поддержки большего числа удалённых аванпостов.;;Technische Infrastruktur, die zur Unterstützung einer größeren Anzahl abgelegener Außenposten benötigt wird;;;支持更多远程前哨所需的技术基础设施;;
gui/menu/research/description/outposts_lvl_3;Technical infrastructure needed to support a larger amount of remote outpost;;Техническая инфраструктура, необходимая для поддержки большего числа удалённых аванпостов.;;Technische Infrastruktur, die zur Unterstützung einer größeren Anzahl abgelegener Außenposten benötigt wird;;;支持更多远程前哨所需的技术基础设施;;
gui/menu/research/description/outposts_lvl_4;Technical infrastructure needed to support a larger amount of remote outpost;;Техническая инфраструктура, необходимая для поддержки большего числа удалённых аванпостов.;;Technische Infrastruktur, die zur Unterstützung einer größeren Anzahl abgelegener Außenposten benötigt wird;;;支持更多远程前哨所需的技术基础设施;;
gui/menu/research/description/outposts_lvl_5;Technical infrastructure needed to support a larger amount of remote outpost;;Техническая инфраструктура, необходимая для поддержки большего числа удалённых аванпостов.;;Technische Infrastruktur, die zur Unterstützung einer größeren Anzahl abgelegener Außenposten benötigt wird;;;支持更多远程前哨所需的技术基础设施;;
gui/menu/research/description/petroleum_processing;Provides methods for petroleum processing into reagent chemicals;;Предоставляет методы переработки нефти в химические реагенты.;;Bietet Verfahren zur Verarbeitung von Erdöl zu Reagenzien;;;提供将石油加工成化学试剂的方法;;
gui/menu/research/description/petroleum_processing_lvl_2;Provides methods for petroleum processing into reagent chemicals;;Предоставляет методы переработки нефти в химические реагенты.;;Bietet Verfahren zur Verarbeitung von Erdöl zu Reagenzien;;;提供将石油加工成化学试剂的方法;;
gui/menu/research/description/piercer_lvl_1;A miniaturized version of the powerful piercer high caliber cryo cannon adapted to be mounted on a mech;;Миниатюрная версия мощной криогенной пушки-пронзателя, адаптированная для установки на мех.;;;;;;;
gui/menu/research/description/piercer_lvl_2;Further improvements of the piercer cryo cannon adjusted for mech mounting;;Дальнейшие улучшения криогенной пушки-пронзателя с учётом установки на мех.;;;;;;;
gui/menu/research/description/piercer_lvl_3;Further improvements of the piercer cryo cannon adjusted for mech mounting;;Дальнейшие улучшения криогенной пушки-пронзателя с учётом установки на мех.;;;;;;;
gui/menu/research/description/piercer_lvl_4;Final optimization of the piercer cryo cannon adjusted for mech mounting;;Окончательная оптимизация криогенной пушки-пронзателя с учётом установки на мех.;;;;;;;
gui/menu/research/description/planet_defense;Upgrades the planetary scanner satellites with powerful orbital defense laser thus changes the buildings from a purely passive role to an active one.;;Улучшает спутники планетарного сканера мощными орбитальными оборонительными лазерами, превращая здания из пассивных в активные.;;Rüstet die planetarischen Scannersatelliten mit leistungsstarken Orbitalverteidigungslasern auf und wandelt die Gebäude somit von einer rein passiven in eine aktive Rolle um.;;;用强大的轨道防御激光升级行星扫描仪卫星，从而将建筑从纯被动角色转变为主动角色。;;
gui/menu/research/description/planet_defense_lvl_2;Upgrades firepower for orbital defense satellites;;Улучшает огневую мощь орбитальных оборонительных спутников.;;Erhöht die Feuerkraft der Orbitalverteidigungssatelliten;;;升级轨道防御卫星的火力;;
gui/menu/research/description/planet_defense_lvl_3;Optimized firepower for orbital defense satellites;;Оптимизированная огневая мощь орбитальных оборонительных спутников.;;Optimierte Feuerkraft für Orbitalverteidigungssatelliten;;;优化的轨道防御卫星火力;;
gui/menu/research/description/pumps_lvl_1;Provides the most basic pump solution. This simple variant it build to operate autonomously without external power.;;Предоставляет самое базовое насосное решение. Этот простой вариант построен для автономной работы без внешнего питания.;;;;;;;
gui/menu/research/description/pumps_lvl_2;Standard powered pumps offer a much better sustained flow rate but require a power connection;;Стандартные насосы с питанием обеспечивают гораздо лучшую постоянную производительность, но требуют подключения к электросети.;;;;;;;
gui/menu/research/description/pumps_lvl_3;Optimization of pumps to achieve the maximum flow rate;;Оптимизация насосов для достижения максимальной производительности.;;;;;;;
gui/menu/research/description/rare_element_mining_lvl1;Mining equipment for underground ore vein extraction;;Горное оборудование для добычи подземных рудных жил.;;Bergbauausrüstung für die Gewinnung von Erzvorkommen im Untertagebau;;;用于地下矿脉开采的采矿设备;;
gui/menu/research/description/rare_element_mining_lvl2;Advanced deep ore extraction methods utilizing reactive chemical to dissolve ores;;Продвинутые методы глубокой добычи руды с использованием реактивных химикатов для растворения руд.;;Fortschrittliche Methoden zur Tiefen-Erzgewinnung unter Verwendung reaktiver Chemikalien zum Auflösen von Erzen;;;利用反应性化学物质溶解矿石的高级深层矿石提取方法;;
gui/menu/research/description/rare_element_mining_lvl3;Optimized deep ore extraction methods utilizing reactive chemical to dissolve ores;;Оптимизированные методы глубокой добычи руды с использованием реактивных химикатов для растворения руд.;;Optimierte Methoden zur Tiefen-Erzgewinnung unter Verwendung reaktiver Chemikalien zum Auflösen von Erzen;;;利用反应性化学物质溶解矿石的优化深层矿石提取方法;;
gui/menu/research/description/rare_metals_storage;Storage facilities for rare metals;;Хранилища для редких металлов.;;Lagerstätten für seltene Metalle;;;稀有金属的存储设施;;
gui/menu/research/description/reactive_substances;Research into extraction and production of reactive substances from the local environment;;Исследование добычи и производства реактивных веществ из местной среды.;;Forschung zur Gewinnung und Produktion reaktiver Substanzen aus der lokalen Umgebung;;;研究从当地环境中提取和生产反应性物质;;
gui/menu/research/description/reactive_substances_lvl_2;Advanced extraction and production methods for reactive substances from the local environment;;Продвинутые методы добычи и производства реактивных веществ из местной среды.;;Fortgeschrittene Methoden zur Gewinnung und Produktion reaktiver Substanzen aus der lokalen Umgebung;;;从当地环境中提取和生产反应性物质的高级方法;;
gui/menu/research/description/reactive_substances_lvl_3;Advanced extraction and production methods for reactive substances from the local environment;;Продвинутые методы добычи и производства реактивных веществ из местной среды.;;Fortgeschrittene Methoden zur Gewinnung und Produktion reaktiver Substanzen aus der lokalen Umgebung;;;从当地环境中提取和生产反应性物质的高级方法;;
gui/menu/research/description/regenerating_extractor;The newly discovered resin resource allows to power special local mycelia that are able to extract most resources in a sustainable way albeit much slower then conventional methods. This method applies to surface outcrops only and does not deplete them.;;Недавно открытый ресурс смолы позволяет питать специальный местный мицелий, способный добывать большинство ресурсов устойчивым способом, хотя и намного медленнее, чем традиционные методы. Этот метод применим только к поверхностным выходам и не истощает их.;;Die neu entdeckte Harzressource ermöglicht die Energieversorgung spezieller lokaler Myzelien, die in der Lage sind, die meisten Ressourcen auf nachhaltige Weise zu gewinnen, wenn auch viel langsamer als mit herkömmlichen Methoden. Diese Methode ist nur auf oberirdische Aufschlüsse anwendbar und führt nicht zu deren Erschöpfung.;;;新发现的树脂资源可以为特殊的本地菌丝体提供能量，这些菌丝体能够以可持续的方式提取大多数资源，尽管比传统方法慢得多。此方法仅适用于地表露天矿物，且不会耗尽它们。;;
gui/menu/research/description/regenerating_extractor_lvl_2;Improvements on the mycelium allow a higher yield at increased maintenance;;Улучшения мицелия позволяют получить более высокий выход при повышенных затратах на обслуживание.;;Verbesserungen am Myzel ermöglichen einen höheren Ertrag bei erhöhtem Wartungsaufwand;;;对菌丝体的改进允许在增加维护成本的情况下获得更高的产量;;
gui/menu/research/description/regenerating_extractor_lvl_3;Improvements on the mycelium allow a higher yield at increased maintenance;;Улучшения мицелия позволяют получить более высокий выход при повышенных затратах на обслуживание.;;Verbesserungen am Myzel ermöglichen einen höheren Ertrag bei erhöhtem Wartungsaufwand;;;对菌丝体的改进允许在增加维护成本的情况下获得更高的产量;;
gui/menu/research/description/repair_central;A central for drone repairing operations. Unlike regular repair stations these drones are able to detect any damage in an entire outpost and are equipped for long range travel.;;Центр ремонтных операций дронов. В отличие от обычных ремонтных станций, эти дроны способны обнаруживать любые повреждения на всём аванпосте и оснащены для дальних перелётов.;;Ein Zentrum für Drohnenreparaturen. Im Gegensatz zu regulären Reparaturstationen sind diese Drohnen in der Lage, Schäden in einem gesamten Außenposten zu erkennen, und sind für Langstreckenflüge ausgerüstet.;;;无人机维修操作的中心。与普通维修站不同，这些无人机能够检测整个前哨的任何损坏，并配备远程旅行能力。;;
gui/menu/research/description/resin_factory_lvl_1;Natural resin is a masterpiece of biological evolution with organic proteins able to harness cold fusion. As such resin requires a high amount of deuterium as a basic ingredient;;Натуральная смола — это шедевр биологической эволюции: органические белки способны использовать холодный синтез. Поэтому смола требует большого количества дейтерия в качестве основного ингредиента.;;Naturharz ist ein Meisterwerk der biologischen Evolution mit organischen Proteinen, die in der Lage sind, die Kalte Fusion zu nutzen. Daher benötigt Harz eine hohe Menge an Deuterium als Grundstoff.;;;天然树脂是生物进化的杰作，其内含的有机蛋白质能够利用冷聚变产生能量。因此，树脂需要大量的氘作为基础原料。;;
gui/menu/research/description/resin_factory_lvl_2;Improved Synthetic Resin Plant;;Улучшенный завод синтетической смолы.;;Verbesserte Anlage zur Herstellung von Kunstharz;;;改进型树脂工厂;;
gui/menu/research/description/resin_factory_lvl_3;Optimized Synthetic Resin Plant;;Оптимизированный завод синтетической смолы.;;Optimierte Anlage zur Herstellung von Kunstharz;;;优化型树脂工厂;;
gui/menu/research/description/resource_converter_cobalt;Uses morphiums ability to transition between elements to convert ironium into cobalt;;Использует способность морфия переходить между элементами, чтобы превращать ироний в кобальт.;;Nutzt die Fähigkeit von Morphium, zwischen Elementen zu wechseln, um Eisen in Kobalt umzuwandeln.;;;利用形变液在元素间转换的能力，将铁转化为钴;;
gui/menu/research/description/resource_converter_ironium;Uses morphiums ability to transition between elements to convert carbonium into ironium;;Использует способность морфия переходить между элементами, чтобы превращать карбоний в ироний.;;Nutzt die Fähigkeit von Morphium, zwischen Elementen zu wechseln, um aus Morphium Ironium zu extrahieren;;;;;
gui/menu/research/description/resource_converter_palladium;Uses morphiums ability to transition between elements to convert cobalt into palladium;;Использует способность морфия переходить между элементами, чтобы превращать кобальт в палладий.;;Nutzt die Fähigkeit von Morphium, zwischen Elementen zu wechseln, um Kobalt in Palladium umzuwandeln.;;;利用形变液在元素间转换的能力，将钴转化为钯;;
gui/menu/research/description/resource_converter_titanium;Uses morphiums ability to transition between elements to convert cobalt into titanium;;Использует способность морфия переходить между элементами, чтобы превращать кобальт в титан.;;Nutzt die Fähigkeit von Morphium, zwischen Elementen zu wechseln, um Kobalt in Titan umzuwandeln.;;;利用形变液在元素间转换的能力，将钴转化为钛;;
gui/menu/research/description/resource_converter_uranium;Uses morphiums ability to transition between elements to convert ironium into depleted uranium;;Использует способность морфия переходить между элементами, чтобы превращать ироний в обеднённый уран.;;Nutzt die Fähigkeit von Morphium, zwischen Elementen zu wechseln, um Ironium in abgereichertes Uran umzuwandeln;;;利用形变液在元素间转换的能力，将生物铀转化为贫铀。;;
gui/menu/research/description/resource_converter_uranium_depelted;Uses morphiums ability to transition between isotopes to convert depleted uranium into enriched uranium;;Использует способность морфия переходить между изотопами, чтобы превращать обеднённый уран в обогащённый уран.;;Nutzt die Fähigkeit von Morphium, zwischen Isotopen zu wechseln, um abgereichertes Uran in angereichertes Uran umzuwandeln;;;利用形变液在同位素之间转换的能力，将贫铀转化为浓缩铀。;;
gui/menu/research/description/rtg;A radioisotope thermoelectric generator is a nuclear energy source that convert radiation heat into electricity. Uses cooling for higher energy yield;;Радиоизотопный термоэлектрический генератор — это ядерный источник энергии, преобразующий теплоту излучения в электричество. Использует охлаждение для повышения энерговыхода.;;Ein radioisotopischer thermoelektrischer Generator ist eine Kernenergiequelle, die Strahlungswärme in Elektrizität umwandelt. Nutzt Kühlung für einen höheren Energieertrag;;;放射性同位素热电发电机是一种将辐射热转化为电能的核能源。使用冷却以获得更高的能量产量;;
gui/menu/research/description/rtg_lvl2;A radioisotope thermoelectric generator is a nuclear energy source that convert radiation heat into electricity;;Радиоизотопный термоэлектрический генератор — это ядерный источник энергии, преобразующий теплоту излучения в электричество.;;Ein radioisotopischer thermoelektrischer Generator ist eine Kernenergiequelle, die Strahlungswärme in Elektrizität umwandelt;;;放射性同位素热电发电机是一种将辐射热转化为电能的核能源;;
gui/menu/research/description/rtg_lvl3;A radioisotope thermoelectric generator is a nuclear energy source that convert radiation heat into electricity. Uses cooling for higher energy yield;;Радиоизотопный термоэлектрический генератор — это ядерный источник энергии, преобразующий теплоту излучения в электричество. Использует охлаждение для повышения энерговыхода.;;Ein radioisotopischer thermoelektrischer Generator ist eine Kernenergiequelle, die Strahlungswärme in Elektrizität umwandelt. Nutzt Kühlung für einen höheren Energieertrag;;;放射性同位素热电发电机是一种将辐射热转化为电能的核能源。使用冷却以获得更高的能量产量;;
gui/menu/research/description/solar_energy_lvl_1;Simple and effective source of energy that requires no maintenance but works only during daylight hours. Usually more effective then wind energy during operation;;Простой и эффективный источник энергии, не требующий обслуживания, но работающий только в светлое время суток. Обычно более эффективен, чем ветровая энергия, в период работы.;;Einfache und effektive Energiequelle, die keine Wartung erfordert, aber nur bei Tageslicht funktioniert. Im Betrieb meist effektiver als Windenergie;;;一种简单有效的能源来源，完全无需维护，但仅在白天工作。在日照期间，其发电效率通常高于风力发电。;;
gui/menu/research/description/solar_energy_lvl_2;Improved solar panels offer even better power yield;;Улучшенные солнечные панели обеспечивают ещё лучшую выработку энергии.;;Verbesserte Solarmodule bieten einen noch besseren Energieertrag;;;改进型太阳能板提供了更高的发电效率。;;
gui/menu/research/description/solar_energy_lvl_3;Simple and effective source of energy that requires no maintenance but works only during daylight hours. Usually more effective then wind energy during operation;;Простой и эффективный источник энергии, не требующий обслуживания, но работающий только в светлое время суток. Обычно более эффективен, чем ветровая энергия, в период работы.;;Einfache und effektive Energiequelle, die keine Wartung erfordert, aber nur bei Tageslicht funktioniert. Im Betrieb meist effektiver als Windenergie;;;这是一种结构简单、效果显著的清洁能源设施，完全无需维护，但仅在白天日照时段工作。在运行期间，其发电效率通常高于风力发电。;;
gui/menu/research/description/solid_material_storage_underground;Enables construction of underground storage with enormous capacity;;Позволяет строить подземные хранилища с огромной вместимостью.;;Ermöglicht den Bau von unterirdischen Lagern mit enormer Kapazität;;;允许建造具有巨大容量的地下仓库;;
gui/menu/research/description/supercooling_lvl_2;Water mixed coolants enable higher yield production of super-coolants;;Охладители на водной основе позволяют увеличить выход суперохладителей.;;Wassergemischte Kühlmittel ermöglichen eine höhere Ausbeute bei der Herstellung von Superkühlmitteln;;;水混合冷却剂能够更高产量地生产超级冷却剂。;;
gui/menu/research/description/supercooling_lvl_3;Recipes for the most powerful coolants utilizing trace amounts of titanium.;;Рецепты для самых мощных охладителей с использованием следовых количеств титана.;;Rezepturen für die leistungsstärksten Kühlmittel unter Verwendung von Spuren von Titan.;;;使用微量钛的最强冷却剂配方。;;
gui/menu/research/description/tower_artillery_napalm;Artillery using incendiary rounds;;Артиллерия, использующая зажигательные снаряды.;;Artillerie mit Brandgeschossen;;;使用燃烧弹的炮塔;;
gui/menu/research/description/tower_cannon_acid;Cannon utilizing acidic rounds;;Пушка, использующая кислотные снаряды.;;Kanone mit Säuregeschossen;;;使用酸性炮弹的加农炮;;
gui/menu/research/description/tower_cannon_cooled;Cooling for cannons to improve the rate of fire;;Охлаждение для пушек, улучшающее скорострельность.;;Kühlung für Kanonen zur Verbesserung der Feuerrate;;;加农炮的冷却装置，提高射速;;
gui/menu/research/description/tower_cannon_cooled_lvl_2;Advanced cooling for cannons to maximize the rate of fire;;Продвинутое охлаждение для пушек, максимизирующее скорострельность.;;Fortschrittliche Kühlung für Kanonen zur Maximierung der Feuerrate;;;加农炮的高级冷却装置，最大化射速;;
gui/menu/research/description/tower_cannon_cryo;Canon using cryo rounds;;Пушка, использующая криоснаряды.;;Kanone mit Kryo-Geschossen;;;使用冷冻弹的加农炮;;
gui/menu/research/description/tower_cannon_incindiary;Canon using incendiary rounds;;Пушка, использующая зажигательные снаряды.;;Kanone mit Brandgeschossen;;;使用燃烧弹的加农炮;;
gui/menu/research/description/tower_flamer_cryo_lvl_1;A cryogenic fueled based variant of the flamer spraying deep freezing cryo fluid. Short range but very effective against numerous small enemies.;;Криогенная версия огнемёта, распыляющая глубокозамороженную криожидкость. Малая дальность, но очень эффективна против множества мелких врагов.;;Eine mit Kryogen betriebenen Variante des Flammenwerfers, die tiefgefrorene Kryoflüssigkeit versprüht. Geringe Reichweite, aber sehr effektiv gegen zahlreiche kleine Gegner.;;;火焰喷射器的低温燃料变种，喷射深度冷冻的低温液体。射程虽短，但对大量小型敌人极为有效。;;
gui/menu/research/description/tower_flamer_cryo_lvl_2;Improved version of the cryogenic atomizer defense tower;;Улучшенная версия криогенной распылительной оборонительной башни.;;Verbesserte Version des Verteidigungsturms mit Kryogenzerstäuber;;;改进型的低温雾化塔;;
gui/menu/research/description/tower_flamer_cryo_lvl_3;Improved and large version of the cryogenic atomizer defense tower;;Улучшенная и увеличенная версия криогенной распылительной оборонительной башни.;;Verbesserte und große Version des Verteidigungsturms mit Kryogenzerstäuber;;;改进型的低温雾化塔;;
gui/menu/research/description/tower_hcm_acid_lvl_2;Upgraded HCM's filled with new acidic canister payload.;;Улучшенные HCM, снаряжённые новыми кислотными канистрами.;;Verbesserte HCMs, gefüllt mit neuer Säurekanister-Nutzlast.;;;升级后的 HCM塔 装载了新的酸性罐装载荷。;;
gui/menu/research/description/tower_hcm_acid_lvl_3;Upgraded HCM's filled with new acidic canister payload.;;Улучшенные HCM, снаряжённые новыми кислотными канистрами.;;Verbesserte HCMs, gefüllt mit neuer Säurekanister-Nutzlast.;;;升级后的 HCM塔 装载了新的酸性罐装载荷。;;
gui/menu/research/description/tower_hcm_cryo_lvl_2;Upgraded HCM's filled with new cryogenic canister payload.;;Улучшенные HCM, снаряжённые новыми криогенными канистрами.;;Verbesserte HCMs, gefüllt mit neuer kryogener Kanisterladung.;;;升级后的 HCM塔 装载了新的低温罐装载荷。;;
gui/menu/research/description/tower_hcm_cryo_lvl_3;Upgraded HCM's filled with new cryogenic canister payload.;;Улучшенные HCM, снаряжённые новыми криогенными канистрами.;;Verbesserte HCMs, gefüllt mit neuer kryogener Kanisterladung.;;;升级后的 HCM塔 装载了新的低温罐装载荷。;;
gui/menu/research/description/tower_ice_big;Landlocked version of the floating piercer tower. Requires large fluid upkeep used for cooling;;Наземная версия плавучей башни-пронзателя. Требует больших затрат жидкости для охлаждения.;;Landgebundene Version des schwimmenden Piercer-Turms. Erfordert einen hohen Flüssigkeitsverbrauch zur Kühlung;;;浮游穿刺塔的陆上版本。需要大量液体维持冷却;;
gui/menu/research/description/tower_ice_big_lvl_2;Upgraded firepower for piercer tower;;Улучшенная огневая мощь для башни-пронзателя.;;Verbesserte Feuerkraft für den Piercer-Turm;;;穿刺塔的火力升级;;
gui/menu/research/description/tower_ice_big_lvl_3;Upgraded firepower for piercer tower;;Улучшенная огневая мощь для башни-пронзателя.;;Verbesserte Feuerkraft für den Piercer-Turm;;;穿刺塔的火力升级;;
gui/menu/research/description/tower_water_minigun;Defense platform utilizing surrounding liquids for cooling;;Оборонительная платформа, использующая окружающие жидкости для охлаждения.;;Verteidigungsplattform, die umgebende Flüssigkeiten zur Kühlung nutzt;;;利用周围液体进行冷却的防御平台;;
gui/menu/research/description/towers_artillery_acid;Artillery utilizing acidic rounds;;Артиллерия, использующая кислотные снаряды.;;Artillerie, die Säuregeschosse einsetzt;;;使用酸性炮弹的炮塔;;
gui/menu/research/description/towers_artillery_propelled;Artillery towers using rocket propelled grenades to expand range;;Артиллерийские башни, использующие реактивные гранаты для увеличения дальности.;;Artillerietürme, die Raketengranaten einsetzen, um die Reichweite zu vergrößern;;;使用火箭推进榴弹扩大射程的炮塔;;
gui/menu/research/description/towers_artillery_propelled_lvl_2;Artillery towers using rocket propelled grenades to expand range;;Артиллерийские башни, использующие реактивные гранаты для увеличения дальности.;;Artillerietürme, die Raketengranaten einsetzen, um die Reichweite zu vergrößern;;;使用火箭推进榴弹扩大射程的炮塔;;
gui/menu/research/description/towers_cryo_spitter_lvl2;An cryogenic version of the Spewer Tower which utilizes input fluids as cooling carrier material for advanced fluid ammunition;;Криогенная версия распыляющей башни, использующая подаваемые жидкости в качестве охлаждающего носителя для продвинутых жидких боеприпасов.;;Eine kryogene Version des Spewer-Turms, die zugeführte Flüssigkeiten als Kühlmedium für fortschrittliche Flüssigmunition nutzt;;;喷射塔的低温版本，利用输入流体作为冷却载体材料，用于高级流体弹药。;;
gui/menu/research/description/towers_cryo_spitter_lvl3;A larger version of the Cryo Spewer Tower making use of the most powerful liquid ammunition;;Увеличенная версия криогенной распыляющей башни, использующая самые мощные жидкие боеприпасы.;;Eine größere Version des Cryo-Spewer-Turms, die die leistungsstärkste Flüssigmunition einsetzt;;;冷冻喷射塔的放大版本，使用最强大的液体弹药。;;
gui/menu/research/description/towers_drone_attack_lvl2_explosive;More advanced version of the Drone Attack Tower with more drones which shoot rocket propelled explosives;;Более продвинутая версия башни атакующих дронов с большим количеством дронов, стреляющих ракетными взрывчатыми веществами.;;Eine weiterentwickelte Version des Drohnenangriffsturms mit mehr Drohnen, die raketenbetriebene Sprengstoffe abfeuern;;;无人机攻击塔的更高级版本，拥有更多无人机，发射火箭推进炸药。;;
gui/menu/research/description/towers_drone_attack_lvl2_fire;More advanced version of the Drone Attack Tower with more drones that shoot incendiary ammunition;;Более продвинутая версия башни атакующих дронов с большим количеством дронов, стреляющих зажигательными боеприпасами.;;Eine weiterentwickelte Version des Drohnenangriffsturms mit mehr Drohnen, die Brandmunition abfeuern;;;无人机攻击塔的更高级版本，拥有更多无人机，发射燃烧弹药。;;
gui/menu/research/description/towers_drone_attack_lvl3_cryo;More advanced version of the Drone Attack Tower with more drones that shoot cryogenic high caliber ammunition;;Более продвинутая версия башни атакующих дронов с большим количеством дронов, стреляющих криогенными крупнокалиберными боеприпасами.;;Eine weiterentwickelte Version des Drohnenangriffsturms mit mehr Drohnen, die kryogene Großkalibermunition abfeuern;;;无人机攻击塔的更高级版本，拥有更多无人机，发射低温大口径弹药。;;
gui/menu/research/description/towers_drone_attack_lvl3_energy;More advanced version of the Drone Attack Tower with more drones that attack via lighting strikes;;Более продвинутая версия башни атакующих дронов с большим количеством дронов, атакующих ударами молний.;;Eine weiterentwickelte Version des Drohnenangriffsturms mit mehr Drohnen, die mit Blitzeinschlägen angreifen;;;无人机攻击塔的更高级版本，拥有更多无人机，通过雷击进行攻击。;;
gui/menu/research/description/towers_fire_spitter_lvl2;An incendiary version of the Spewer Tower which utilizes input fluids as incendiary carrier materials for advanced fluid ammunition;;Зажигательная версия распыляющей башни, использующая подаваемые жидкости в качестве зажигательного носителя для продвинутых жидких боеприпасов.;;Eine Brandversion des Spewer-Turms, die zugeführte Flüssigkeiten als Brandträgermaterial für fortschrittliche Flüssigmunition nutzt;;;喷射塔的燃烧版本，利用输入流体作为燃烧载体材料，用于高级流体弹药。;;
gui/menu/research/description/towers_fire_spitter_lvl3;A larger version of the Napalm Spewer Tower making use of the most powerful liquid ammunition;;Увеличенная версия напалмовой распыляющей башни, использующая самые мощные жидкие боеприпасы.;;Eine größere Version des Napalm-Spewer-Turms, die die stärkste Flüssigmunition einsetzt;;;凝固汽油弹喷射塔的放大版本，使用最强大的液体弹药。;;
gui/menu/research/description/towers_laser_water;Development of a laser tower variant utilizing locally available fluids for cooling utilizing a floating platform rather than a foundation;;Разработка варианта лазерной башни, использующей для охлаждения местные жидкости и плавучую платформу вместо фундамента.;;Entwicklung einer Laserturm-Variante, die lokal verfügbare Flüssigkeiten zur Kühlung nutzt und eine schwimmende Plattform anstelle eines Fundaments verwendet;;;开发一种激光塔变体，利用当地可用液体进行冷却，使用浮动平台而非地基;;
gui/menu/research/description/towers_lowcaliber;Provides basic defense towers utilizing low caliber ammunition.;;Предоставляет базовые оборонительные башни, использующие малокалиберные боеприпасы.;;Stellt einfache Verteidigungstürme bereit, die Munition mit geringem Kaliber verwenden.;;;提供使用小口径弹药的基础防御塔。;;
gui/menu/research/description/towers_mines_lvl1;The Mine Layer Tower uses automated mine drones to block incoming enemy waves;;Башня-минный заградитель использует автоматические минные дроны для блокировки наступающих волн врагов.;;Der Minenlegerturm nutzt automatisierte Minendrohnen, um anrückende feindliche Wellen abzuwehren;;;布雷塔使用自动布雷无人机阻挡来袭的敌潮;;
gui/menu/research/description/towers_mines_lvl2;Optimized blueprint allow the Riftbreaker to build more robust version of the Mine Layer Tower;;Оптимизированный чертёж позволяет Разломщику построить более прочную версию башни-минного заградителя.;;Optimierte Baupläne ermöglichen es dem Riftbreaker, eine robustere Version des Minenlegerturms zu bauen;;;优化的蓝图允许裂谷者建造更坚固的布雷塔版本;;
gui/menu/research/description/towers_mines_lvl3;Perfected blueprint allow the Riftbreaker to the most sophisticated version of the Mine Layer Tower;;Усовершенствованный чертёж позволяет Разломщику построить самую сложную версию башни-минного заградителя.;;Perfektionierte Baupläne ermöglichen es dem Riftbreaker, die ausgefeilteste Version des Minenlegerturms zu bauen;;;完善的蓝图允许裂谷者建造最精密的布雷塔版本;;
gui/menu/research/description/towers_rocket;Simple rocket powered grenade defense towers;;Простые оборонительные башни с ракетными гранатами.;;Einfache, raketenbetriebene Granaten-Verteidigungstürme;;;简单的火箭动力榴弹防御塔;;
gui/menu/research/description/towers_shockwave_acid;Development of acidic infused shock waves as an upgrade to shock-wave towers;;Разработка кислотных ударных волн как улучшение башен ударной волны.;;Entwicklung von mit Säure angereicherten Schockwellen als Upgrade für Schockwellentürme;;;开发酸性注入冲击波作为冲击波塔的升级;;
gui/menu/research/description/towers_shockwave_acid_lvl_2;Upgraded efficiency with larger area of effect of the acidic shock wave;;Повышенная эффективность с увеличенной зоной действия кислотной ударной волны.;;Verbesserte Effizienz mit größerem Wirkungsbereich der Säure-Schockwelle;;;升级效率，酸性冲击波的作用范围更大;;
gui/menu/research/description/towers_shockwave_cryo;Development of thermal shock waves as an upgrade to shock-wave towers;;Разработка тепловых ударных волн как улучшение башен ударной волны.;;Entwicklung von thermischen Schockwellen als Upgrade für Schockwellentürme;;;开发热冲击波作为冲击波塔的升级;;
gui/menu/research/description/towers_shockwave_cryo_lvl_2;Upgraded efficiency with larger area of effect of the thermal shock wave;;Повышенная эффективность с увеличенной зоной действия тепловой ударной волны.;;Verbesserte Effizienz mit größerem Wirkungsbereich der thermischen Schockwelle;;;升级效率，热冲击波的作用范围更大;;
gui/menu/research/description/uranium_enrichment_lvl_2;Advanced techniques applying tanzanite allows for a more efficient mass separation of isotopes;;Продвинутые методы с использованием танзанита позволяют более эффективно разделять изотопы по массе.;;Fortgeschrittene Techniken unter Verwendung von Tansanit ermöglichen eine effizientere Massentrennung von Isotopen;;;应用坦桑石的高级技术允许更有效地进行同位素质量分离;;
gui/menu/research/description/uranium_enrichment_lvl_3;Application of morphium to adjust isotope ratio of raw uranium allows to maximize centrifuge yield;;Применение морфия для корректировки изотопного соотношения сырого урана позволяет максимизировать выход центрифуг.;;Die Anwendung von Morphium zur Anpassung des Isotopenverhältnisses von Rohuran ermöglicht die Maximierung der Zentrifugenausbeute;;;应用形变液调整原铀的同位素比例，最大化离心机产量;;
gui/menu/research/description/water_purification_lvl_1;Basic Water treatment and purification via only basic filtering mechanisms. Limited yield but without any extra upkeep.;;Базовая очистка и фильтрация воды с использованием только простых фильтрующих механизмов. Ограниченный выход, но без дополнительных затрат.;;;;;;;
gui/menu/research/description/water_purification_lvl_2;Uses activated carbonium filters to maximize purification rate. Requires globally available carbonium as extra upkeep;;Использует активированные карбониевые фильтры для максимизации скорости очистки. Требует карбоний в качестве дополнительного расхода (доступен повсеместно).;;;;;;;
gui/menu/research/description/water_purification_lvl_3;Additional purification mechanisms using reagents to chemically cleanse the water in most efficient way. Requires additional piping for purification chemicals but reduces carbonium upkeep;;Дополнительные механизмы очистки с использованием реагентов для химической очистки воды наиболее эффективным способом. Требует дополнительных труб для химикатов очистки, но снижает расход карбония.;;;;;;;
gui/menu/research/description/well_contruction;Construction of wells for liquid extraction;;Строительство скважин для добычи жидкостей.;;Bau von Bohrlöchern zur Flüssigextraktion;;;用于液体提取的井的建造;;
gui/menu/research/description/well_contruction_lvl_2;Advanced well extraction methods - particularly fracking;;Продвинутые методы добычи из скважин, в частности гидроразрыв пласта.;;Fortschrittliche Bohrloch-Extraktionsmethoden – insbesondere Fracking;;;先进的井提取方法 - 特别是压裂;;
gui/menu/research/description/well_contruction_lvl_3;Optimized well extraction by fracking;;Оптимизированная добыча из скважин методом гидроразрыва.;;Optimierte Bohrloch-Extraktion durch Fracking;;;通过压裂优化的井提取;;
gui/menu/research/description/wind_energy_lvl_1;Simple and effective source of energy that requires no maintenance but requires wind. ;;Простой и эффективный источник энергии, не требующий обслуживания, но требующий ветра.;;Einfache und effektive Energiequelle, die keine Wartung erfordert, aber Wind benötigt. ;;;一种简单且有效的能源，无需维护，但需要风力。;;
gui/menu/research/description/wind_energy_lvl_2;Improved frictonless setup and larger sails allows to yield even more power from wind;;Улучшенная бесфрикционная конструкция и большие паруса позволяют получать ещё больше энергии от ветра.;;Verbesserte reibungsfreie Konstruktion und größere Segel ermöglichen eine noch höhere Energieausbeute aus Wind;;;改进的无摩擦装置和更大的帆叶，使得能从风中获取更多电力。;;
gui/menu/research/description/wind_energy_lvl_3;Maximizing the effecitve sail surface allows to optimize wind energy yield to full potential;;Максимизация эффективной площади парусов позволяет оптимизировать выработку ветровой энергии до полного потенциала.;;Die Maximierung der effektiven Segelfläche ermöglicht die Optimierung der Windenergieausbeute auf ihr volles Potenzial;;;最大化有效帆叶面积，使风能产量达到其全部潜力。;;
gui/menu/research/name/acid_shredder_lvl_1;Acid Shredder – Basic;;Кислотный шреддер — базовый.;;;;;;;
gui/menu/research/name/acid_shredder_lvl_2;Acid Shredder – Advanced;;Кислотный шреддер — продвинутый.;;;;;;;
gui/menu/research/name/acid_shredder_lvl_3;Acid Shredder – Superior;;Кислотный шреддер — превосходный.;;;;;;;
gui/menu/research/name/acid_shredder_lvl_4;Acid Shredder – Extreme;;Кислотный шреддер — экстремальный.;;;;;;;
gui/menu/research/name/ai_hub;AI Hub;;Центр ИИ.;;AI-Hub;;;AI中心;;
gui/menu/research/name/ai_hub_lvl2;AI Hub - Cooled;;Центр ИИ — охлаждаемый.;;AI-Hub – gekühlt;;;AI中心 - 冷却型;;
gui/menu/research/name/ai_hub_lvl3;AI Hub - Supercooled;;Центр ИИ — суперохлаждаемый.;;AI-Hub – unterkühlt;;;AI中心 - 超级冷却型;;
gui/menu/research/name/alloys_palladium;Palladium Alloys;;Палладиевые сплавы.;;Palladiumlegierungen;;;钯合金;;
gui/menu/research/name/alloys_titanium;Titanium Alloys;;Титановые сплавы.;;Titanlegierungen;;;钛合金;;
gui/menu/research/name/alloys_uranium;Uranium Alloys;;Урановые сплавы.;;Uranlegierungen;;;铀合金;;
gui/menu/research/name/ammo_energy_cell_lvl2;Advanced Energy Cell Production;;Производство продвинутых энергетических элементов.;;Fortschrittliche Energiezellenproduktion;;;高级能量电池生产;;
gui/menu/research/name/ammo_energy_cell_lvl2b;Advanced Energy Cell Optimization;;Оптимизация продвинутых энергетических элементов.;;Fortschrittliche Energiezellenoptimierung;;;高级能量电池优化;;
gui/menu/research/name/ammo_energy_cell_lvl3;High-Tech Energy Cell Production;;Производство высокотехнологичных энергетических элементов.;;Hightech-Energiezellenproduktion;;;高科技能量电池生产;;
gui/menu/research/name/ammo_energy_cell_lvl4;High-Tech Energy Cell Optimization;;Оптимизация высокотехнологичных энергетических элементов.;;Hightech-Energiezellenoptimierung;;;高科技能量电池优化;;
gui/menu/research/name/ammo_energy_cell_lvl5;High-Tech Energy Cell Optimization;;Оптимизация высокотехнологичных энергетических элементов.;;Hightech-Energiezellenoptimierung;;;高科技能量电池优化;;
gui/menu/research/name/ammo_explosive_fissonium;Advanced Nuclear Explosives;;Продвинутые ядерные взрывчатые вещества.;;Fortgeschrittene nukleare Sprengstoffe;;;先进核炸药;;
gui/menu/research/name/ammo_explosive_liquid_lvl2;Improved Active Ammunition Production;;Улучшенное производство активных боеприпасов.;;Verbesserte Produktion aktiver Munition;;;改进型活性弹药生产;;
gui/menu/research/name/ammo_explosive_lvl2;Advanced Explosives Production;;Производство продвинутых взрывчатых веществ.;;Fortgeschrittene Sprengstoffproduktion;;;高级炸药生产;;
gui/menu/research/name/ammo_explosive_lvl2b;Advanced Explosives Optimization;;Оптимизация продвинутых взрывчатых веществ.;;Fortgeschrittene Sprengstoffoptimierung;;;高级炸药优化;;
gui/menu/research/name/ammo_explosive_lvl3;High-Tech Explosives Production;;Производство высокотехнологичных взрывчатых веществ.;;Hightech-Sprengstoffproduktion;;;高科技炸药生产;;
gui/menu/research/name/ammo_explosive_lvl4;High-Tech Explosives Optimization;;Оптимизация высокотехнологичных взрывчатых веществ.;;Hightech-Sprengstoffoptimierung;;;高科技炸药优化;;
gui/menu/research/name/ammo_explosive_lvl5;High-Tech Explosives Optimization;;Оптимизация высокотехнологичных взрывчатых веществ.;;Hightech-Sprengstoffoptimierung;;;高科技炸药优化;;
gui/menu/research/name/ammo_high_caliber_lvl2;Advanced High Caliber Production;;Производство продвинутых крупнокалиберных боеприпасов.;;Fortgeschrittene Produktion von Großkalibermunition;;;高级大口径弹药生产;;
gui/menu/research/name/ammo_high_caliber_lvl2b;Advanced High Caliber Optimization;;Оптимизация продвинутых крупнокалиберных боеприпасов.;;Fortgeschrittene Optimierung von Großkalibermunition;;;高级大口径弹药优化;;
gui/menu/research/name/ammo_high_caliber_lvl3;High-Tech High Caliber Production;;Производство высокотехнологичных крупнокалиберных боеприпасов.;;Hightech-Produktion von Großkalibermunition;;;高科技大口径弹药生产;;
gui/menu/research/name/ammo_high_caliber_lvl4;High-Tech High Caliber Optimization;;Оптимизация высокотехнологичных крупнокалиберных боеприпасов.;;Optimierung von High-Tech-Großkalibermunition;;;高科技大口径弹药优化;;
gui/menu/research/name/ammo_high_caliber_lvl5;High-Tech High Caliber Optimization;;Оптимизация высокотехнологичных крупнокалиберных боеприпасов.;;Optimierung von High-Tech-Großkalibermunition;;;高科技大口径弹药优化;;
gui/menu/research/name/ammo_liquid_lvl2;Advanced Liquid Ammunition Production;;Производство продвинутых жидких боеприпасов.;;Fortgeschrittene Produktion von Flüssigmunition;;;高级液体弹药生产;;
gui/menu/research/name/ammo_liquid_lvl2b;Advanced Liquid Ammunition Optimization;;Оптимизация продвинутых жидких боеприпасов.;;Fortgeschrittene Optimierung von Flüssigmunition;;;高级液体弹药优化;;
gui/menu/research/name/ammo_liquid_lvl3;High-Tech Liquid Ammunition Production;;Производство высокотехнологичных жидких боеприпасов.;;High-Tech-Produktion von Flüssigmunition;;;高科技液体弹药生产;;
gui/menu/research/name/ammo_liquid_lvl4;High-Tech Liquid Ammunition Optimization;;Оптимизация высокотехнологичных жидких боеприпасов.;;High-Tech-Optimierung von Flüssigmunition;;;高科技液体弹药优化;;
gui/menu/research/name/ammo_liquid_lvl5;High-Tech Liquid Ammunition Optimization;;Оптимизация высокотехнологичных жидких боеприпасов.;;High-Tech-Optimierung von Flüssigmunition;;;高科技液体弹药优化;;
gui/menu/research/name/ammo_low_caliber_lvl2;Advanced Low Caliber Production;;Производство продвинутых малокалиберных боеприпасов.;;Fortgeschrittene Produktion von Kleinkalibermunition;;;高级小口径弹药生产;;
gui/menu/research/name/ammo_low_caliber_lvl2b;Advanced Low Caliber Optimization;;Оптимизация продвинутых малокалиберных боеприпасов.;;Fortgeschrittene Optimierung von Kleinkalibermunition;;;高级小口径弹药优化;;
gui/menu/research/name/ammo_low_caliber_lvl3;High-Tech Low Caliber Production;;Производство высокотехнологичных малокалиберных боеприпасов.;;High-Tech-Produktion von Kleinkalibermunition;;;高科技小口径弹药生产;;
gui/menu/research/name/ammo_low_caliber_lvl4;High-Tech Low Caliber Optimization;;Оптимизация высокотехнологичных малокалиберных боеприпасов.;;High-Tech-Optimierung von Kleinkalibermunition;;;高科技小口径弹药优化;;
gui/menu/research/name/ammo_low_caliber_lvl5;High-Tech Low Caliber Optimization;;Оптимизация высокотехнологичных малокалиберных боеприпасов.;;High-Tech-Optimierung von Kleinkalibermunition;;;高科技小口径弹药优化;;
gui/menu/research/name/ammo_low_high_caliber_lvl2;Improved Projectile Ammunition Production;;Улучшенное производство снарядных боеприпасов.;;Verbesserte Produktion von Projektilmunition;;;改进型射弹弹药生产;;
gui/menu/research/name/ammonium_extraction;Ammonium Extraction;;Добыча аммония.;;Ammoniumgewinnung;;;铵提取;;
gui/menu/research/name/ammonium_extraction_lvl_2;Advanced Ammonium Extraction;;Продвинутая добыча аммония.;;Fortgeschrittene Ammoniumgewinnung;;;高级铵提取;;
gui/menu/research/name/ammonium_synthesis;Atmospheric Nitrogen Utilization;;Использование атмосферного азота.;;Nutzung von atmosphärischem Stickstoff;;;大气氮利用;;
gui/menu/research/name/ammonium_synthesis_lvl_2;Improved Haber Process;;Улучшенный процесс Габера.;;Verbessertes Haber-Verfahren;;;改进型哈柏法;;
gui/menu/research/name/bio_cobalt;Bio-Cobalt Extraction;;Добыча биокобальта.;;Bio-Kobaltgewinnung;;;生物钴提取;;
gui/menu/research/name/bio_cobalt_lvl_2;Improved Bio-Cobalt Extraction;;Улучшенная добыча биокобальта.;;Verbesserte Bio-Kobaltgewinnung;;;改进型生物钴提取;;
gui/menu/research/name/bio_cobalt_lvl_3;Perfected Bio-Cobalt Extraction;;Усовершенствованная добыча биокобальта.;;Perfektionierte Bio-Kobaltgewinnung;;;完美型生物钴提取;;
gui/menu/research/name/bio_palladium;Bio-Palladium Extraction;;Добыча биопалладия.;;Bio-Palladiumgewinnung;;;生物钯提取;;
gui/menu/research/name/bio_palladium_lvl_2;Improved Bio-Palladium Extraction;;Улучшенная добыча биопалладия.;;Verbesserte Bio-Palladiumgewinnung;;;改进型生物钯提取;;
gui/menu/research/name/bio_palladium_lvl_3;Perfected Bio-Palladium Extraction;;Усовершенствованная добыча биопалладия.;;Perfektionierte Bio-Palladiumgewinnung;;;完美型生物钯提取;;
gui/menu/research/name/bio_processing;Bio Processing;;Биопереработка.;;Bioverarbeitung;;;生物加工;;
gui/menu/research/name/bio_processing_lvl_2;Bio Processing 2;;Биопереработка 2.;;Bioverarbeitung 2;;;生物加工2级;;
gui/menu/research/name/bio_processing_lvl_3;Bio Processing 3;;Биопереработка 3.;;Bioverarbeitung 3;;;生物加工3级;;
gui/menu/research/name/bio_reactive_compounds;Bio-Reactive Compounds;;Биореактивные соединения.;;Bioaktive Verbindungen;;;生物反应性化合物;;
gui/menu/research/name/bio_reactive_compounds_lvl_2;Bio-Reactive Compounds 2;;Биореактивные соединения 2.;;Bioaktive Verbindungen 2;;;生物反应性化合物2级;;
gui/menu/research/name/bio_reactive_compounds_lvl_3;Bio-Reactive Compounds 3;;Биореактивные соединения 3.;;Bioaktive Verbindungen 3;;;生物反应性化合物3级;;
gui/menu/research/name/bio_titanium;Bio-Titanium Extraction;;Добыча биотитана.;;Bio-Titan-Gewinnung;;;生物钛提取;;
gui/menu/research/name/bio_titanium_lvl_2;Improved Bio-Titanium Extraction;;Улучшенная добыча биотитана.;;Verbesserte Bio-Titan-Gewinnung;;;改进型生物钛提取;;
gui/menu/research/name/bio_titanium_lvl_3;Perfected Bio-Titanium Extraction;;Усовершенствованная добыча биотитана.;;Perfektionierte Bio-Titan-Gewinnung;;;完美型生物钛提取;;
gui/menu/research/name/bio_uranium;Bio-Uranium Extraction;;Добыча биурана.;;Bio-Uran-Gewinnung;;;生物铀提取;;
gui/menu/research/name/bio_uranium_lvl_2;Improved Bio-Uranium Extraction;;Улучшенная добыча биурана.;;Verbesserte Bio-Uran-Gewinnung;;;改进型生物铀提取;;
gui/menu/research/name/bio_uranium_lvl_3;Perfected Bio-Uranium Extraction;;Усовершенствованная добыча биурана.;;Perfektionierte Bio-Uran-Gewinnung;;;完美型生物铀提取;;
gui/menu/research/name/biogas;Bioreactors;;Биореакторы.;;Bioreaktoren;;;生物反应器;;
gui/menu/research/name/biogas_lvl_2;Bioreactors 2;;Биореакторы 2.;;Bioreaktoren 2;;;生物反应器2级;;
gui/menu/research/name/biogas_lvl_3;Bioreactors 3;;Биореакторы 3.;;Bioreaktoren 3;;;生物反应器3级;;
gui/menu/research/name/biomass_morphed_processing;Morphed Biomass Handling;;Обработка изменённой биомассы.;;Verarbeitung von transformierter Biomasse;;;变异生物质处理;;
gui/menu/research/name/biomass_morphed_processing_lvl_2;Advanced Morphed Biomass Handling;;Продвинутая обработка изменённой биомассы.;;Fortgeschrittene Verarbeitung von transformierter Biomasse;;;高级变异生物质处理;;
gui/menu/research/name/biomass_morphed_processing_lvl_3;Optimized Morphed Biomass Handling;;Оптимизированная обработка изменённой биомассы.;;Optimierte Verarbeitung von transformierter Biomasse;;;优化变异生物质处理;;
gui/menu/research/name/biomass_processing;Plant Biomass Handling;;Обработка растительной биомассы.;;Verarbeitung von Pflanzenbiomasse;;;植物生物质处理;;
gui/menu/research/name/biomass_processing_lvl_2;Advanced Plant Biomass Handling;;Продвинутая обработка растительной биомассы.;;Fortgeschrittene Verarbeitung von Pflanzenbiomasse;;;高级植物生物质处理;;
gui/menu/research/name/biomass_processing_lvl_3;Optimized Plant Biomass Handling;;Оптимизированная обработка растительной биомассы.;;Optimierte Verarbeitung von Pflanzenbiomasse;;;优化植物生物质处理;;
gui/menu/research/name/carbon_capture_lvl_1;Carbon Capture;;Улавливание углерода.;;CO2-Abscheidung;;;;;
gui/menu/research/name/carbon_capture_lvl_2;Advanced Carbon Capture;;Продвинутое улавливание углерода.;;Verbesserte  CO2-Abscheidung;;;;;
gui/menu/research/name/carbon_capture_lvl_3;Optimized Carbon Capture;;Оптимизированное улавливание углерода.;;Optimierte CO2-Abscheidung;;;;;
gui/menu/research/name/carbonization;Carbon Synthesis;;Синтез углерода.;;Kohlenstoffsynthese;;;碳合成;;
gui/menu/research/name/carbonization_lvl_2;Advanced Carbon Synthesis;;Продвинутый синтез углерода.;;Fortgeschrittene Kohlenstoffsynthese;;;高级碳合成;;
gui/menu/research/name/carbonization_lvl_3;Optimized Carbon Synthesis;;Оптимизированный синтез углерода.;;Fortgeschrittene Kohlenstoffsynthese;;;高级碳合成;;
gui/menu/research/name/comm_hub_expansion_lvl_1;Communications Hub Expansion;;Расширение коммуникационного узла.;;Erweiterung des Kommunikationszentrums;;;通信中心扩容;;
gui/menu/research/name/comm_hub_expansion_lvl_2;Communications Hub Expansion 2;;Расширение коммуникационного узла 2.;;Erweiterung des Kommunikationszentrums 2;;;通信中心扩容2级;;
gui/menu/research/name/comm_hub_expansion_lvl_3;Communications Hub Expansion 3;;Расширение коммуникационного узла 3.;;Erweiterung des Kommunikationszentrums 3;;;通信中心扩容3级;;
gui/menu/research/name/comm_hub_expansion_lvl_4;Communications Hub Expansion 4;;Расширение коммуникационного узла 4.;;Erweiterung des Kommunikationszentrums 4;;;通信中心扩容4级;;
gui/menu/research/name/comm_hub_lvl_2;Communications Hub 2;;Коммуникационный узел 2.;;Kommunikationsknoten 2;;;通信中心2级;;
gui/menu/research/name/comm_hub_lvl_3;Communications Hub 3;;Коммуникационный узел 3.;;Kommunikationsknoten 3;;;通信中心3级;;
gui/menu/research/name/comm_hub_lvl_4;Communications Hub 4;;Коммуникационный узел 4.;;Kommunikationsknoten 4;;;通信中心4级;;
gui/menu/research/name/comm_hub_lvl_5;Communications Hub 5;;Коммуникационный узел 5.;;Kommunikationsknoten 5;;;通信中心5级;;
gui/menu/research/name/coolants;Coolants;;Охладители.;;Kühlmittel;;;冷却剂;;
gui/menu/research/name/coolants_lvl_2;Advanced Coolants;;Продвинутые охладители.;;Fortgeschrittene Kühlmittel;;;高级冷却剂;;
gui/menu/research/name/coolants_lvl_3;Optimized Coolant Production;;Оптимизированное производство охладителей.;;Optimierte Kühlmittelproduktion;;;优化冷却剂生产;;
gui/menu/research/name/cryo_technology_lvl_2;Advanced Cryo Technology;;Продвинутая криотехнология.;;Fortgeschrittene Kryotechnologie;;;高级冷冻技术;;
gui/menu/research/name/crystalizer_ferdonite;Ferdonite Crystallizer;;Кристаллизатор фердонита.;;Ferdonit-Kristallisator;;;铁白云石结晶器;;
gui/menu/research/name/crystalizer_ferdonite_lvl2;Advanced Ferdonite Crystallizer;;Продвинутый кристаллизатор фердонита.;;Fortgeschrittener Ferdonit-Kristallisator;;;高级铁白云石结晶器;;
gui/menu/research/name/crystalizer_ferdonite_lvl3;Superior Ferdonite Crystallizer;;Превосходный кристаллизатор фердонита.;;Überlegener Ferdonit-Kristallisator;;;卓越铁白云石结晶器;;
gui/menu/research/name/crystalizer_hazenite;Hazenite Crystallizer;;Кристаллизатор хазенита.;;Hazenit-Kristallisator;;;黑森矿结晶器;;
gui/menu/research/name/crystalizer_hazenite_lvl2;Advanced Hazenite Crystallizer;;Продвинутый кристаллизатор хазенита.;;Fortgeschrittener Hazenit-Kristallisator;;;高级黑森矿结晶器;;
gui/menu/research/name/crystalizer_hazenite_lvl3;Superior Hazenite Crystallizer;;Превосходный кристаллизатор хазенита.;;Überlegener Hazenit-Kristallisator;;;卓越黑森矿结晶器;;
gui/menu/research/name/crystalizer_rhodonite;Rhodonite Crystallizer;;Кристаллизатор родонита.;;Rhodonit-Kristallisator;;;蔷薇辉石结晶器;;
gui/menu/research/name/crystalizer_rhodonite_lvl2;Advanced Rhodonite Crystallizer;;Продвинутый кристаллизатор родонита.;;Fortgeschrittener Rhodonit-Kristallisator;;;高级蔷薇辉石结晶器;;
gui/menu/research/name/crystalizer_rhodonite_lvl3;Superior Rhodonite Crystallizer;;Превосходный кристаллизатор родонита.;;Überlegener Rhodonit-Kristallisator;;;卓越蔷薇辉石结晶器;;
gui/menu/research/name/crystalizer_tanzanite;Tanzanite Crystallizer;;Кристаллизатор танзанита.;;Tansanit-Kristallisator;;;坦桑石结晶器;;
gui/menu/research/name/crystalizer_tanzanite_lvl2;Advanced Tanzanite Crystallizer;;Продвинутый кристаллизатор танзанита.;;Fortgeschrittener Tansanit-Kristallisator;;;高级坦桑石结晶器;;
gui/menu/research/name/crystalizer_tanzanite_lvl3;Superior Tanzanite Crystallizer;;Превосходный кристаллизатор танзанита.;;Überlegener Tansanit-Kristallisator;;;卓越坦桑石结晶器;;
gui/menu/research/name/deep_ionization;Deep ionization;;Глубокая ионизация.;;Tiefe Ionisierung;;;深度电离;;
gui/menu/research/name/deep_ionization_lvl_2;Advanced deep ionization;;Продвинутая глубокая ионизация.;;Fortgeschrittene tiefe Ionisierung;;;高级深度电离;;
gui/menu/research/name/deep_ionization_lvl_3;Extreme ionization;;Экстремальная ионизация.;;Extreme Ionisierung;;;极致电离;;
gui/menu/research/name/depleted_uranium_high_caliber_shells;Depleted Uranium high caliber Shells;;Крупнокалиберные снаряды из обеднённого урана.;;Großkalibrige Geschosse aus abgereichertem Uran;;;贫铀大口径炮弹;;
gui/menu/research/name/depleted_uranium_high_caliber_shells_lvl_2;Improved Depleted Uranium high caliber Shells;;Улучшенные крупнокалиберные снаряды из обеднённого урана.;;Verbesserte großkalibrige Geschosse aus abgereichertem Uran;;;改进型贫铀大口径炮弹;;
gui/menu/research/name/depleted_uranium_low_caliber_shells;Depleted Uranium low caliber Rounds;;Малокалиберные патроны из обеднённого урана.;;Kleinkalibrige Geschosse aus abgereichertem Uran;;;贫铀小口径子弹;;
gui/menu/research/name/depleted_uranium_low_caliber_shells_lvl_2;Improved Depleted Uranium low caliber Rounds;;Улучшенные малокалиберные патроны из обеднённого урана.;;Verbesserte Geschosse aus abgereichertem Uran mit kleinem Kaliber;;;改进型贫铀小口径子弹;;
gui/menu/research/name/energy_connector_eluminated;Illumination;;Освещение.;;Beleuchtung;;;;;
gui/menu/research/name/energy_enhancer_lvl_1;Energy Enhancer;;;;;;;;;
gui/menu/research/name/energy_enhancer_lvl_2;Advanced Energy Enhancer;;;;;;;;;
gui/menu/research/name/energy_enhancer_lvl_3;Optimized Energy Enhancer;;;;;;;;;
gui/menu/research/name/fire_control_station;Fire Control Station;;Станция управления огнём.;;Feuerleitstelle;;;火力控制站;;
gui/menu/research/name/fire_control_station_artillery;Long Range Fire Control Station;;Станция управления огнём большой дальности.;;Feuerleitstelle für große Entfernungen;;;远程火力控制站;;
gui/menu/research/name/floating_power_connectors;Floating Energy Connectors;;Плавающие энергетические соединители.;;;;;;;
gui/menu/research/name/fluorine_capture;Fluorine Capture;;Улавливание фтора.;;Fluor-Abscheidung;;;氟捕获;;
gui/menu/research/name/fluorine_capture_lvl_2;Biome Adjusted Fluorine Capture;;Улавливание фтора с учётом биома.;;Biom-angepasste Fluor-Abscheidung;;;生物群系适应性氟捕获;;
gui/menu/research/name/fluorine_capture_lvl_3;Advanced Fluorine Capture;;Продвинутое улавливание фтора.;;Fortgeschrittene Fluor-Abscheidung;;;高级氟捕获;;
gui/menu/research/name/gas_filtering_lvl2;Gas Filtering 2;;Фильтрация газов 2.;;Gasfilterung 2;;;气体过滤2级;;
gui/menu/research/name/gas_filtering_lvl3;Gas Filtering 3;;Фильтрация газов 3.;;Gasfilterung 3;;;气体过滤3级;;
gui/menu/research/name/general_storage;General Storage;;Общее хранилище.;;Allgemeiner Lagerraum;;;通用存储;;
gui/menu/research/name/geoscanning_lvl_1;Geoscanning;;Геосканирование.;;Geoscanning;;;地质扫描仪;;
gui/menu/research/name/geoscanning_lvl_2;Advanced Geoscanning;;Продвинутое геосканирование.;;Fortgeschrittenes Geoscanning;;;改进地质扫描仪;;
gui/menu/research/name/geoscanning_lvl_3;Optimized Geoscanning;;Оптимизированное геосканирование.;;Optimiertes Geoscanning;;;优化地质扫描仪;;
gui/menu/research/name/geothermal_lvl_1;Geothermal Energy;;Геотермальная энергия.;;Geothermie;;;地热能;;
gui/menu/research/name/geothermal_lvl_2;Improved Geothermal;;Улучшенная геотермальная энергия.;;Verbesserte Geothermie;;;改进地热能;;
gui/menu/research/name/geothermal_lvl_3;Optimized Geothermal;;Оптимизированная геотермальная энергия.;;Optimierte Geothermie;;;优化地热能;;
gui/menu/research/name/groundwater_access;Groundwater access;;Доступ к грунтовым водам.;;Zugang zu Grundwasser;;;地下水获取;;
gui/menu/research/name/heat_charger;Thermal Ionization;;Термическая ионизация.;;Thermische Ionisierung;;;热电离;;
gui/menu/research/name/heat_charger_lvl_2;Improved Thermal Ionization;;Улучшенная термическая ионизация.;;Verbesserte thermische Ionisierung;;;改进型热电离;;
gui/menu/research/name/heat_charger_lvl_3;Optimized Thermal Ionization;;Оптимизированная термическая ионизация.;;Optimierte thermische Ionisierung;;;优化热电离;;
gui/menu/research/name/heavy_water_plant_lvl_2;Advanced Heavy Water Plant;;Продвинутый завод тяжёлой воды.;;Fortgeschrittene Schwerwasseranlage;;;改进重水工厂;;
gui/menu/research/name/heavy_water_plant_lvl_3;Optimized Heavy Water Plant;;Оптимизированный завод тяжёлой воды.;;Optimierte Schwerwasseranlage;;;优化重水工厂;;
gui/menu/research/name/heavy_water_reactor_lvl_2;Heavy Water Reactor;;Реактор на тяжёлой воде.;;Schwerwasserreaktor;;;重水反应堆;;
gui/menu/research/name/heavy_water_reactor_lvl_3;Improved Heavy Water Reactor;;Улучшенный реактор на тяжёлой воде.;;Verbesserter Schwerwasserreaktor;;;改进反应堆;;
gui/menu/research/name/high_caliber_weapons;High Caliber Weaponry ;;Крупнокалиберное вооружение.;;Großkalibrige Waffen;;;大口径武器;;
gui/menu/research/name/high_caliber_weapons_lvl_2;Advanced High caliber Weaponry ;;Продвинутое крупнокалиберное вооружение.;;Fortgeschrittene großkalibrige Waffen;;;高级大口径武器;;
gui/menu/research/name/high_caliber_weapons_lvl_3;Extreme High Caliber Weaponry ;;Экстремальное крупнокалиберное вооружение.;;Extrem großkalibrige Waffen;;;极致大口径武器;;
gui/menu/research/name/ionizer_lvl_2;Gas Ionization;;Ионизация газа.;;Gasionisierung;;;气体电离;;
gui/menu/research/name/ionizer_lvl_3;Infused Ionization;;Инфузионная ионизация.;;Infundierte Ionisierung;;;注入式电离;;
gui/menu/research/name/irradiator_lvl_1;Material Irradiation;;Облучение материалов.;;Materialbestrahlung;;;辐照器;;
gui/menu/research/name/irradiator_lvl_2;Advanced Material Irradiation;;Продвинутое облучение материалов.;;Fortgeschrittene Materialbestrahlung;;;改进辐照器;;
gui/menu/research/name/irradiator_lvl_3;Optimized Material Irradiation;;Оптимизированное облучение материалов.;;Optimierte Materialbestrahlung;;;优化辐照器;;
gui/menu/research/name/liquid_storage_lvl_1;Liquid Storage – Small;;Хранилище жидкостей — малое.;;;;;;;
gui/menu/research/name/liquid_storage_lvl_2;Liquid Storage – Normal;;Хранилище жидкостей — среднее.;;;;;;;
gui/menu/research/name/liquid_storage_lvl_3;Liquid Storage – Large;;Хранилище жидкостей — большое.;;;;;;;
gui/menu/research/name/mech_upgrade_anti_corrosive_armor_lvl_2;Anti-Corrosive Armor 2;;Антикоррозионная броня 2.;;Korrosionsbeständige Panzerung 2;;;抗腐蚀装甲2级;;
gui/menu/research/name/mech_upgrade_anti_corrosive_armor_lvl_3;Anti-Corrosive Armor 3;;Антикоррозионная броня 3.;;Korrosionsbeständige Panzerung 3;;;抗腐蚀装甲3级;;
gui/menu/research/name/mech_upgrade_anti_corrosive_armor_lvl_4;Anti-Corrosive Armor 4;;Антикоррозионная броня 4.;;Korrosionsbeständige Panzerung 4;;;抗腐蚀装甲4级;;
gui/menu/research/name/mech_upgrade_energy_armor_lvl_2;Energy Armor 2;;Энергетическая броня 2.;;Energiepanzerung 2;;;能量装甲2级;;
gui/menu/research/name/mech_upgrade_energy_armor_lvl_3;Energy Armor 3;;Энергетическая броня 3.;;Energiepanzerung 3;;;能量装甲3级;;
gui/menu/research/name/mech_upgrade_energy_armor_lvl_4;Energy Armor 4;;Энергетическая броня 4.;;Energiepanzerung 4;;;能量装甲4级;;
gui/menu/research/name/mech_upgrade_fireproof_armor_lvl_2;Fireproof Armor 2;;Огнеупорная броня 2.;;Feuerfeste Panzerung 2;;;防火装甲2级;;
gui/menu/research/name/mech_upgrade_fireproof_armor_lvl_3;Fireproof Armor 3;;Огнеупорная броня 3.;;Feuerfeste Panzerung 3;;;防火装甲3级;;
gui/menu/research/name/mech_upgrade_fireproof_armor_lvl_4;Fireproof Armor 4;;Огнеупорная броня 4.;;Feuerfeste Panzerung 4;;;防火装甲4级;;
gui/menu/research/name/mech_upgrade_reflective_armor_lvl_2;Reflective Armor 2;;Отражающая броня 2.;;Reflektierende Panzerung 2;;;反射装甲2级;;
gui/menu/research/name/mech_upgrade_reflective_armor_lvl_3;Reflective Armor 3;;Отражающая броня 3.;;Reflektierende Panzerung 3;;;反射装甲3级;;
gui/menu/research/name/mech_upgrade_reflective_armor_lvl_4;Reflective Armor 4;;Отражающая броня 4.;;Reflektierende Panzerung 4;;;反射装甲4级;;
gui/menu/research/name/mech_weapons_burst_rifle_lvl_2;Burst Rifle - Advanced;;Штурмовая винтовка — продвинутая.;;Sturmgewehr – Fortgeschritten;;;爆发步枪 - 高级;;
gui/menu/research/name/mech_weapons_burst_rifle_lvl_3;Burst Rifle - Superior;;Штурмовая винтовка — превосходная.;;Sturmgewehr – Überlegen;;;爆发步枪 - 卓越;;
gui/menu/research/name/mech_weapons_burst_rifle_lvl_4;Burst Rifle - Extreme;;Штурмовая винтовка — экстремальная.;;Sturmgewehr – Extrem;;;爆发步枪 - 极致;;
gui/menu/research/name/mech_weapons_granade_launcher_lvl_2;Grenade Launcher - Advanced;;Гранатомёт — продвинутый.;;Granatwerfer – Fortgeschritten;;;榴弹发射器 - 高级;;
gui/menu/research/name/mech_weapons_granade_launcher_lvl_3;Grenade Launcher - Superior;;Гранатомёт — превосходный.;;Granatwerfer – Überlegen;;;榴弹发射器 - 卓越;;
gui/menu/research/name/mech_weapons_granade_launcher_lvl_4;Grenade Launcher - Extreme;;Гранатомёт — экстремальный.;;Granatwerfer – Extrem;;;榴弹发射器 - 极致;;
gui/menu/research/name/mech_weapons_mine_layer_lvl_2;Mine Layer - Advanced;;Минный заградитель — продвинутый.;;Minenleger – Fortgeschritten;;;布雷器 - 高级;;
gui/menu/research/name/mech_weapons_mine_layer_lvl_3;Mine Layer - Superior;;Минный заградитель — превосходный.;;Minenleger – Überlegen;;;布雷器 - 卓越;;
gui/menu/research/name/mech_weapons_mine_layer_lvl_4;Mine Layer - Extreme;;Минный заградитель — экстремальный.;;Minenleger – Extrem;;;布雷器 - 极致;;
gui/menu/research/name/mech_weapons_rocket_launcher_lvl_2;Rocket Launcher - Advanced;;Ракетная установка — продвинутая.;;Raketenwerfer – Fortgeschritten;;;火箭发射器 - 高级;;
gui/menu/research/name/mech_weapons_rocket_launcher_lvl_3;Rocket Launcher - Superior;;Ракетная установка — превосходная.;;Raketenwerfer – Überlegen;;;火箭发射器 - 卓越;;
gui/menu/research/name/mech_weapons_rocket_launcher_lvl_4;Rocket Launcher - Extreme;;Ракетная установка — экстремальная.;;Raketenwerfer – Extrem;;;火箭发射器 - 极致;;
gui/menu/research/name/mech_weapons_shotgun_lvl_2;Shotgun - Advanced;;Дробовик — продвинутый.;;Schrotflinte – Fortgeschritten;;;霰弹枪 - 高级;;
gui/menu/research/name/mech_weapons_shotgun_lvl_3;Shotgun - Superior;;Дробовик — превосходный.;;Schrotflinte – Überlegen;;;霰弹枪 - 卓越;;
gui/menu/research/name/mech_weapons_shotgun_lvl_4;Shotgun - Extreme;;Дробовик — экстремальный.;;Schrotflinte – Extrem;;;霰弹枪 - 极致;;
gui/menu/research/name/mech_weapons_sniper_rifle_lvl_2;90mm Cannon - Advanced;;90-мм пушка — продвинутая.;;90-mm-Kanone – Fortgeschritten;;;90毫米加农炮 - 高级;;
gui/menu/research/name/mech_weapons_sniper_rifle_lvl_3;90mm Cannon - Superior;;90-мм пушка — превосходная.;;90-mm-Kanone – Überlegen;;;90毫米加农炮 - 卓越;;
gui/menu/research/name/mech_weapons_sniper_rifle_lvl_4;90mm Cannon - Extreme;;90-мм пушка — экстремальная.;;90-mm-Kanone – Extrem;;;90毫米加农炮 - 极致;;
gui/menu/research/name/metal_extractor_lvl_2;Renewable Ironium Extraction;;Возобновляемая добыча ирония.;;;;;;;
gui/menu/research/name/metal_extractor_lvl_3;Advanced renewable Ironium Extraction;;Продвинутая возобновляемая добыча ирония.;;;;;;;
gui/menu/research/name/metallurgy;Metallurgy;;Металлургия.;;Metallurgie;;;冶金学;;
gui/menu/research/name/metallurgy_lvl_2;Advanced Metallurgy;;Продвинутая металлургия.;;Fortgeschrittene Metallurgie;;;高级冶金学;;
gui/menu/research/name/metallurgy_lvl_3;Optimized Metallurgy;;Оптимизированная металлургия.;;Optimierte Metallurgie;;;优化冶金学;;
gui/menu/research/name/mini_miner;Deployable Miner;;Развёртываемый добытчик.;;Einsetzbarer Bergmann;;;可部署采矿机;;
gui/menu/research/name/mini_miner_lvl_2;Deployable Miner 2;;Развёртываемый добытчик 2.;;Einsetzbarer Bergmann 2;;;可部署采矿机2级;;
gui/menu/research/name/mini_miner_lvl_3;Deployable Miner 3;;Развёртываемый добытчик 3.;;Einsetzbarer Bergmann 3;;;可部署采矿机3级;;
gui/menu/research/name/mini_miner_lvl_4;Deployable Miner 4;;Развёртываемый добытчик 4.;;Einsetzbarer Bergmann 4;;;可部署采矿机4级;;
gui/menu/research/name/moisture_trap;Moisture Trap;;Уловитель влаги.;;Feuchtigkeitsfalle;;;湿气捕获器;;
gui/menu/research/name/moisture_trap_lvl_2;Improved Moisture Trap;;Улучшенный уловитель влаги.;;Verbesserte Feuchtigkeitsfalle;;;改进型湿气捕获器;;
gui/menu/research/name/morphium_factory_lvl_1;Morphing Flux Capacitor;;Конденсатор изменяющего потока.;;Morphing-Flux-Kondensator;;;;;
gui/menu/research/name/morphium_factory_lvl_2;Advanced Morphing Flux Capacitor;;Продвинутый конденсатор изменяющего потока.;;Fortgeschrittener Morphing-Flux-Kondensator;;;;;
gui/menu/research/name/morphium_factory_lvl_3;Optimized Morphing Flux Capacitor;;Оптимизированный конденсатор изменяющего потока.;;Optimierter Morphing-Flux-Kondensator;;;;;
gui/menu/research/name/mycelium_processing;Mycelium Processing;;Переработка мицелия.;;Myzelverarbeitung;;;菌丝体加工;;
gui/menu/research/name/mycelium_processing_lvl_2;Advanced Mycelium Processing;;Продвинутая переработка мицелия.;;Fortgeschrittene Myzelverarbeitung;;;高级菌丝体加工;;
gui/menu/research/name/mycelium_processing_lvl_3;Optimized Mycelium Processing;;Оптимизированная переработка мицелия.;;Optimierte Myzelverarbeitung;;;优化菌丝体加工;;
gui/menu/research/name/nitrification_site_lvl_2;Direct Nitrification;;Прямая нитрификация.;;Direkte Nitrifikation;;;直接硝化法;;
gui/menu/research/name/nitrification_site_lvl_3;Improved Direct Nitrification;;Улучшенная прямая нитрификация.;;Verbesserte direkte Nitrifikation;;;改进型直接硝化法;;
gui/menu/research/name/nitrogen_chemistry;Nitrogen Chemistry;;Химия азота.;;Stickstoffchemie;;;氮化学;;
gui/menu/research/name/nitrogen_chemistry_lvl_2;Nitrogen Chemistry 2;;Химия азота 2.;;Stickstoffchemie 2;;;氮化学2级;;
gui/menu/research/name/nitrogen_chemistry_lvl_3;Nitrogen Chemistry 3;;Химия азота 3.;;Stickstoffchemie 3;;;氮化学3级;;
gui/menu/research/name/offshore_wind_lvl_1;Offshore Wind Power;;Морская ветроэнергетика.;;Offshore-Windkraft;;;海上风力发电;;
gui/menu/research/name/offshore_wind_lvl_2;Offshore Wind Power 2;;Морская ветроэнергетика 2.;;Offshore-Windkraft 2;;;海上风力发电2;;
gui/menu/research/name/ore_processing_lvl_1;Basic Ore Processing;;Базовая переработка руды.;;Grundlegende Erzverarbeitung;;;基础矿石加工;;
gui/menu/research/name/ore_processing_lvl_2;Advanced Ore Processing;;Продвинутая переработка руды.;;Fortgeschrittene Erzaufbereitung;;;高级矿石加工;;
gui/menu/research/name/ore_processing_lvl_3;Optimal Ore Processing;;Оптимальная переработка руды.;;Optimierte Erzaufbereitung;;;最优矿石加工;;
gui/menu/research/name/outposts_lvl_1;Outpost Expansion;;Расширение аванпостов.;;Ausbau der Außenposten;;;前哨扩容;;
gui/menu/research/name/outposts_lvl_2;Outpost Expansion 2;;Расширение аванпостов 2.;;Ausbau der Außenposten 2;;;前哨扩容2级;;
gui/menu/research/name/outposts_lvl_3;Outpost Expansion 3;;Расширение аванпостов 3.;;Ausbau der Außenposten 3;;;前哨扩容3级;;
gui/menu/research/name/outposts_lvl_4;Outpost Expansion 4;;Расширение аванпостов 4.;;Ausbau der Außenposten 4;;;前哨扩容4级;;
gui/menu/research/name/outposts_lvl_5;Outpost Expansion 5;;Расширение аванпостов 5.;;Ausbau der Außenposten 5;;;前哨扩容5级;;
gui/menu/research/name/petroleum_processing;Petrochemistry;;Нефтехимия.;;Petrochemie;;;石油化学;;
gui/menu/research/name/petroleum_processing_lvl_2;Advanced Petrochemistry;;Продвинутая нефтехимия.;;Fortgeschrittene Petrochemie;;;高级石油化学;;
gui/menu/research/name/piercer_lvl_1;Piercer Cannon – Basic;;Пушка-пронзатель — базовая.;;;;;;;
gui/menu/research/name/piercer_lvl_2;Piercer Cannon – Advanced;;Пушка-пронзатель — продвинутая.;;;;;;;
gui/menu/research/name/piercer_lvl_3;Piercer Cannon – Superior;;Пушка-пронзатель — превосходная.;;;;;;;
gui/menu/research/name/piercer_lvl_4;Piercer Cannon – Extreme;;Пушка-пронзатель — экстремальная.;;;;;;;
gui/menu/research/name/planet_defense;Orbital Defense;;Орбитальная оборона.;;Orbitalverteidigung;;;轨道防御;;
gui/menu/research/name/planet_defense_lvl_2;Advanced Orbital Defense;;Продвинутая орбитальная оборона.;;Fortgeschrittene Orbitalverteidigung;;;高级轨道防御;;
gui/menu/research/name/planet_defense_lvl_3;Optimized Orbital Defense;;Оптимизированная орбитальная оборона.;;Optimierte Orbitalverteidigung;;;优化轨道防御;;
gui/menu/research/name/plasma_physics;Plasma Physics;;Физика плазмы.;;Plasmaphysik;;;等离子体物理学;;
gui/menu/research/name/plasma_physics_lvl_2;Advanced Plasma Physics;;Продвинутая физика плазмы.;;Fortgeschrittene Plasmaphysik;;;高等等离子体物理学;;
gui/menu/research/name/plasma_physics_lvl_3;Plasma Physics Optimization;;Оптимизация физики плазмы.;;Optimierung der Plasmaphysik;;;等离子体物理学优化;;
gui/menu/research/name/pumps_lvl_1;Basic Pumps;;Базовые насосы.;;;;;;;
gui/menu/research/name/pumps_lvl_2;Powered Pumps;;Насосы с питанием.;;;;;;;
gui/menu/research/name/pumps_lvl_3;High Yield Pumps;;Высокопроизводительные насосы.;;;;;;;
gui/menu/research/name/rare_element_mining_lvl1;Mining Drill;;Буровая установка.;;Tiefbergbau;;;深层矿石开采;;
gui/menu/research/name/rare_metals_storage;Rare Metals Storage;;Хранилище редких металлов.;;Lager für seltene Metalle;;;稀有金属存储;;
gui/menu/research/name/reactive_substances;Reactive Substances;;Реактивные вещества.;;Reaktive Substanzen;;;反应性物质;;
gui/menu/research/name/reactive_substances_lvl_2;Reactive Substances 2;;Реактивные вещества 2.;;Reaktive Substanzen 2;;;反应性物质2级;;
gui/menu/research/name/reactive_substances_lvl_3;Reactive Substances 3;;Реактивные вещества 3.;;Reaktive Substanzen 3;;;反应性物质3级;;
gui/menu/research/name/regenerating_extractor;Mycelium Extractor;;Экстрактор мицелия.;;Myzel-Extraktor;;;菌丝体提取器;;
gui/menu/research/name/regenerating_extractor_lvl_2;Improved Mycelium Extractor;;Улучшенный экстрактор мицелия.;;Verbesserter Myzel-Extraktor;;;改进型菌丝体提取器;;
gui/menu/research/name/regenerating_extractor_lvl_3;Optimized Mycelium Extractor;;Оптимизированный экстрактор мицелия.;;Optimierter Myzel-Extraktor;;;优化菌丝体提取器;;
gui/menu/research/name/repair_central;Repair Central;;Центр ремонта.;;Reparaturzentrale;;;维修中心;;
gui/menu/research/name/resin_factory_lvl_1;Synthetic Resin Plant;;Завод синтетической смолы.;;Kunstharzfabrik;;;树脂工厂;;
gui/menu/research/name/resin_factory_lvl_2;Improved Synthetic Resin Plant;;Улучшенный завод синтетической смолы.;;Verbesserte Kunstharzfabrik;;;改进树脂工厂;;
gui/menu/research/name/resin_factory_lvl_3;Optimized Synthetic Resin Plant;;Оптимизированный завод синтетической смолы.;;Optimierte Kunstharzfabrik;;;先进树脂工厂;;
gui/menu/research/name/resource_converter_cobalt;Metallic Morphing - Cobalt;;Металлическое превращение — кобальт.;;Metallische Umwandlung – Kobalt;;;金属转化 - 钴;;
gui/menu/research/name/resource_converter_ironium;Metallic Morphing - Ironium;;Металлическое превращение — ироний.;;Metallische Umwandlung – Ironium;;;;;
gui/menu/research/name/resource_converter_palladium;Metallic Morphing - Palladium;;Металлическое превращение — палладий.;;Metallische Umwandlung – Palladium;;;金属转化 - 钯;;
gui/menu/research/name/resource_converter_titanium;Metallic Morphing - Titanium;;Металлическое превращение — титан.;;Metallische Umwandlung – Titan;;;金属转化 - 钛;;
gui/menu/research/name/resource_converter_uranium;Metallic Morphing - Enriched Uranium;;Металлическое превращение — обогащённый уран.;;Metallische Umwandlung – angereichertes Uran;;;金属转化 - 浓缩铀;;
gui/menu/research/name/resource_converter_uranium_depleted;Metallic Morphing - Depleted Uranium;;Металлическое превращение — обеднённый уран.;;Metallische Umwandlung – abgereichertes Uran;;;金属转化 - 贫铀;;
gui/menu/research/name/rtg;Radioisotope Thermoelectric Generators;;Радиоизотопные термоэлектрические генераторы.;;Radioisotop-Thermoelektrische Generatoren;;;放射性同位素热电发电机;;
gui/menu/research/name/rtg_lvl2;Cooled Radioisotope Thermoelectric Generator;;Охлаждаемый радиоизотопный термоэлектрический генератор.;;Gekühlter Radioisotop-Thermoelektrischer Generator;;;冷却型放射性同位素热电发电机;;
gui/menu/research/name/rtg_lvl3;Optimized Radioisotope Thermoelectric Generator;;Оптимизированный радиоизотопный термоэлектрический генератор.;;Optimierter Radioisotop-Thermoelektrischer Generator;;;优化型放射性同位素热电发电机;;
gui/menu/research/name/solar_energy_lvl_1;Solar Energy;;Солнечная энергия.;;Solarenergie;;;太阳能;;
gui/menu/research/name/solar_energy_lvl_2;Solar Energy 2;;Солнечная энергия 2.;;Solarenergie 2;;;太阳能2;;
gui/menu/research/name/solar_energy_lvl_3;Solar Energy 3;;Солнечная энергия 3.;;Solarenergie 3;;;太阳能3;;
gui/menu/research/name/solid_material_storage_underground;Underground Storage;;Подземное хранилище.;;Unterirdischer Lagerraum;;;地下仓库;;
gui/menu/research/name/supercooling_lvl_2;Water-Based Super Coolant;;Суперохладитель на водной основе.;;Wasserbasiertes Superkühlmittel;;;水基超级冷却剂;;
gui/menu/research/name/supercooling_lvl_3;Infused Super Coolant;;Инфузионный суперохладитель.;;Angereichertes Superkühlmittel;;;注入式超级冷却剂;;
gui/menu/research/name/tower_artillery_napalm;Incendiary Artillery;;Зажигательная артиллерия.;;Brandartillerie;;;燃烧炮;;
gui/menu/research/name/tower_cannon_acid;90mm Gun Tower - Acidic Rounds;;Орудийная башня 90 мм — кислотные снаряды.;;90-mm-Geschützturm – Säuregeschosse;;;90毫米炮塔 - 酸性弹药;;
gui/menu/research/name/tower_cannon_cooled;90mm Gun Tower - Cooled;;Орудийная башня 90 мм — охлаждённая.;;90-mm-Geschützturm – gekühlt;;;90毫米炮塔 - 冷却型;;
gui/menu/research/name/tower_cannon_cooled_lvl_2;90mm Gun Tower – Super-cooled;;Орудийная башня 90 мм — суперохлаждённая.;;90-mm-Geschützturm – supergekühlt;;;90毫米炮塔 - 超级冷却型;;
gui/menu/research/name/tower_cannon_cryo;90mm Gun Tower - Cryo Rounds;;Орудийная башня 90 мм — криоснаряды.;;90-mm-Geschützturm – Kryogeschosse;;;90毫米炮塔 - 冷冻弹药;;
gui/menu/research/name/tower_cannon_incindiary;90mm Gun Tower – Incendiary Rounds;;Орудийная башня 90 мм — зажигательные снаряды.;;90-mm-Geschützturm – Brandgeschosse;;;90毫米炮塔 - 燃烧弹药;;
gui/menu/research/name/tower_cannon_lvl_2;90mm Gun Tower - Advanced;;Орудийная башня 90 мм — продвинутая.;;90-mm-Geschützturm – fortgeschritten;;;90毫米炮塔 - 高级;;
gui/menu/research/name/tower_cannon_lvl_3;90mm Gun Tower - Extreme;;Орудийная башня 90 мм — экстремальная.;;90-mm-Geschützturm – extrem;;;90毫米炮塔 - 极致;;
gui/menu/research/name/tower_flamer_cryo_lvl_1;Cryo Atomizer Tower;;Криогенная распылительная башня.;;Kryo-Zerstäuberturm;;;低温雾化塔;;
gui/menu/research/name/tower_flamer_cryo_lvl_2;Cryo Atomizer Tower;;Криогенная распылительная башня.;;Kryo-Zerstäubungsturm;;;低温雾化塔;;
gui/menu/research/name/tower_flamer_cryo_lvl_3;Cryo Atomizer Tower (Large);;Криогенная распылительная башня (большая).;;Kryo-Zerstäubungsturm (groß);;;低温雾化塔(大型);;
gui/menu/research/name/tower_hcm_acid_lvl_2;HCM Tower Acid Warhead;;Башня HCM — кислотная боеголовка.;;HCM-Turm mit Säuresprengkopf;;;HCM塔 酸性弹头;;
gui/menu/research/name/tower_hcm_acid_lvl_3;HCM Tower Advanced Acid Warhead;;Башня HCM — продвинутая кислотная боеголовка.;;HCM-Turm mit fortschrittlichem Säuresprengkopf;;;HCM塔 高级酸性弹头;;
gui/menu/research/name/tower_hcm_cryo_lvl_2;HCM Tower Cryo Warhead;;Башня HCM — криогенная боеголовка.;;HCM-Turm mit Kryo-Sprengkopf;;;HCM塔 低温弹头;;
gui/menu/research/name/tower_hcm_cryo_lvl_3;HCM Tower Advanced Cryo Warhead;;Башня HCM — продвинутая криогенная боеголовка.;;HCM-Turm mit fortschrittlichem Kryo-Sprengkopf;;;HCM塔 高级低温弹头;;
gui/menu/research/name/tower_ice_big;Landlocked Piercer Tower Variant;;Наземный вариант башни-пронзателя.;;Variante des Landlocked-Piercer-Turms;;;陆上穿刺塔变体;;
gui/menu/research/name/tower_ice_big_lvl_2;Advanced Piercer Tower;;Продвинутая башня-пронзатель.;;Fortschrittlicher Piercer-Turm;;;高级穿刺塔;;
gui/menu/research/name/tower_ice_big_lvl_3;Optimized Piercer Tower;;Оптимизированная башня-пронзатель.;;Optimierter Piercer-Turm;;;优化穿刺塔;;
gui/menu/research/name/tower_water_minigun;Environmental Cooled Defense Platforms;;Оборонительные платформы с экологическим охлаждением.;;Umgebungskühlte Verteidigungsplattformen;;;环境冷却防御平台;;
gui/menu/research/name/towers_artillery_acid;Acidic Artillery;;Кислотная артиллерия.;;Säureartillerie;;;酸性炮;;
gui/menu/research/name/towers_artillery_propelled;Propelled Artillery;;Реактивная артиллерия.;;Geschossartillerie;;;推进式炮;;
gui/menu/research/name/towers_artillery_propelled_lvl_2;Propelled Artillery - Advanced;;Реактивная артиллерия — продвинутая.;;Geschossartillerie – Fortgeschritten;;;推进式炮 - 高级;;
gui/menu/research/name/towers_cryo_spitter_lvl2;Cryo Spewer Tower ;;Криогенная распыляющая башня.;;Kryo-Speierturm ;;;低温喷射塔;;
gui/menu/research/name/towers_cryo_spitter_lvl3;Large Cryo Spewer Tower ;;Большая криогенная распыляющая башня.;;Großer Kryo-Speier-Turm ;;;大型低温喷射塔;;
gui/menu/research/name/towers_drone_attack_lvl2_explosive;Attack Drone Tower (Rockets);;Башня атакующих дронов (ракеты).;;Angriffsdrohnen-Turm (Raketen);;;攻击无人机塔（火箭）;;
gui/menu/research/name/towers_drone_attack_lvl2_fire;Attack Drone Tower (Incendiary);;Башня атакующих дронов (зажигательные).;;Angriffsdrohnen-Turm (Brand);;;攻击无人机塔（燃烧）;;
gui/menu/research/name/towers_drone_attack_lvl3_cryo;Attack Drone Tower (Cryo);;Башня атакующих дронов (крио).;;Angriffsdrohnen-Turm (Kryo);;;攻击无人机塔（冷冻）;;
gui/menu/research/name/towers_drone_attack_lvl3_energy;Attack Drone Tower (Lightning);;Башня атакующих дронов (молнии).;;Angriffsdrohnen-Turm (Blitz);;;攻击无人机塔（闪电）;;
gui/menu/research/name/towers_fire_spitter_lvl2;Napalm Spewer Tower;;Напалмовая распыляющая башня.;;Napalm-Speier-Turm;;;凝固汽油喷射塔;;
gui/menu/research/name/towers_fire_spitter_lvl3;Large Napalm Spewer Tower;;Большая напалмовая распыляющая башня.;;Großer Napalm-Speier-Turm;;;大型凝固汽油喷射塔;;
gui/menu/research/name/towers_laser_water;Laser Tower Platforms;;Платформы лазерных башен.;;Laser-Turmplattformen;;;激光塔平台;;
gui/menu/research/name/towers_lowcaliber;Low Caliber Towers;;Малокалиберные башни.;;Türme mit geringem Kaliber;;;小口径塔;;
gui/menu/research/name/towers_mines_lvl1;Mining Towers 1;;Минные башни 1.;;Bergbau-Türme 1;;;布雷塔1级;;
gui/menu/research/name/towers_mines_lvl2;Mining Towers 2;;Минные башни 2.;;Bergbau-Türme 2;;;布雷塔2级;;
gui/menu/research/name/towers_mines_lvl3;Mining Towers 3;;Минные башни 3.;;Bergbau-Türme 3;;;布雷塔3级;;
gui/menu/research/name/towers_rocket;Rocket Towers;;Ракетные башни.;;Raketen-Türme;;;火箭塔;;
gui/menu/research/name/towers_rocket_lvl_2;Rocket Towers 2;;Ракетные башни 2.;;Raketentürme 2;;;火箭塔2级;;
gui/menu/research/name/towers_rocket_lvl_3;Rocket Towers 3;;Ракетные башни 3.;;Raketentürme 3;;;火箭塔3级;;
gui/menu/research/name/towers_shockwave_acid;Shockwave Towers - Acid;;Башни ударной волны — кислота.;;Schockwellentürme – Säure;;;冲击波塔 - 酸性;;
gui/menu/research/name/towers_shockwave_acid_lvl_2;Advanced Shockwave Towers - Acid;;Продвинутые башни ударной волны — кислота.;;Fortgeschrittene Schockwellentürme – Säure;;;高级冲击波塔 - 酸性;;
gui/menu/research/name/towers_shockwave_cryo;Shockwave Towers - Cryo;;Башни ударной волны — крио.;;Schockwellentürme – Kryo;;;冲击波塔 - 冷冻;;
gui/menu/research/name/towers_shockwave_cryo_lvl_2;Advanced Shockwave Towers - Cryo;;Продвинутые башни ударной волны — крио.;;Fortgeschrittene Schockwellentürme – Kryo;;;高级冲击波塔 - 冷冻;;
gui/menu/research/name/uranium_enrichment_lvl_2;Enhanced Uranium Enrichment;;Улучшенное обогащение урана.;;Verbesserte Urananreicherung;;;增强型铀浓缩;;
gui/menu/research/name/uranium_enrichment_lvl_3;Morphing Uranium Enrichment;;Обогащение урана с помощью морфия.;;Morphing-Urananreicherung;;;转化铀浓缩;;
gui/menu/research/name/water_purification_lvl_1;Water Purification;;Очистка воды.;;;;;;;
gui/menu/research/name/water_purification_lvl_2;Water Purification 2;;Очистка воды 2.;;;;;;;
gui/menu/research/name/water_purification_lvl_3;Water Purification 3;;Очистка воды 3.;;;;;;;
gui/menu/research/name/well_contruction;Well Construction;;Строительство скважин.;;Brunnenbau;;;井建造;;
gui/menu/research/name/well_contruction_lvl_2;Well Construction 2;;Строительство скважин 2.;;Brunnenbau 2;;;井建造2级;;
gui/menu/research/name/well_contruction_lvl_3;Well Construction 3;;Строительство скважин 3.;;Brunnenbau 3;;;井建造3级;;
gui/menu/research/name/wind_energy_lvl_1;Wind Energy;;Ветровая энергия.;;Windenergie;;;风能;;
gui/menu/research/name/wind_energy_lvl_2;Wind Energy 2;;Ветровая энергия 2.;;Windenergie 2;;;风能2;;
gui/menu/research/name/wind_energy_lvl_3;Wind Energy 3;;Ветровая энергия 3.;;Windenergie 3;;;风能3;;
resource_name/alloys;Alloys;;Сплавы.;;Legierungen;;;合金;;
resource_name/ammonium;Ammonium;;Аммоний.;;Ammonium;;;铵;;
resource_name/ammonium_deepvein;Ammonium Deep Vein;;Глубокая жила аммония.;;Tiefe Ammoniumader;;;深层铵矿脉;;
resource_name/ammonium_vein;Ammonium Deposit;;Месторождение аммония.;;Ammoniumvorkommen;;;铵矿床;;
resource_name/biomass_morphed;Morphed Biomass;;Изменённая биомасса.;;Morphed-Biomasse;;;变异生物质;;
resource_name/biomass_mycelium;Mycelium;;Мицелий.;;Myzel;;;菌丝体;;
resource_name/biomass_water;Biooil;;Бионефть.;;Bioöl;;;生物油;;
resource_name/carbon_deepvein;Carbonium Deep Vein;;Глубокая жила карбония.;;Carboniumader;;;深层碳矿脉;;
resource_name/carbon_vein;Carbonium outcrop;;Выход карбония.;;Carboniumaufschluss;;;露天碳矿;;
resource_name/cobalt_bio;Bio-Cobalt;;Биокобальт.;;Bio-Kobalt;;;生物钴;;
resource_name/cobalt_deepvein;Cobalt Deep Vein;;Глубокая жила кобальта.;;Tiefe Kobaltader;;;深层钴矿脉;;
resource_name/cobalt_vein;Cobalt outcrop;;Выход кобальта.;;Kobalt-Aufschluss;;;露天钴矿;;
resource_name/deuterium;Deuterium;;Дейтерий.;;Deuterium;;;氘;;
resource_name/deuterium_compressed;Liquid Deuterium;;Жидкий дейтерий.;;Flüssiges Deuterium;;;液态氘;;
resource_name/deuterium_deepvein;Deuterium Well;;Скважина дейтерия.;;Deuteriumbrunnen;;;氘井;;
resource_name/fissonium;Fissonium Flux;;Поток фиссония.;;Fissonium-Fluss;;;裂变流体;;
resource_name/fissonium_compressed;Packaged Fissonium Flux;;Упакованный поток фиссония.;;Verpackter Fissonium-Fluss;;;;;
resource_name/fissonium_deepvein;Fissonium Well;;Скважина фиссония.;;Fissoniumbrunnen;;;裂变井;;
resource_name/fluorine;Fluorine;;Фтор.;;Fluor;;;氟;;
resource_name/fluorine_compressed;Liquid Fluorine;;Жидкий фтор.;;Flüssiges Fluor;;;液态氟;;
resource_name/fluorine_deepvein;Fluorine Vent;;Вентиляция фтора.;;Fluor-Entlüftung;;;氟气喷口;;
resource_name/iron_deepvein;Ironium Deep Vein;;Глубокая жила ирония.;;Ironium-Ader;;;深层铁矿脉;;
resource_name/iron_vein;Ironium outcrop;;Выход ирония.;;Ironium-Aufschluss;;;露天铁矿;;
resource_name/magma_deepvein;Magma well;;Магмовая скважина.;;Magma-Quelle;;;岩浆井;;
resource_name/magma_metal;Molten Metal;;Расплавленный металл.;;Geschmolzenes Metall;;;熔融金属;;
resource_name/magma_metal_compressed;Compressed Molten Metal;;Сжатый расплавленный металл.;;Komprimiertes geschmolzenes Metall;;;压缩熔融金属;;
resource_name/magma_metal_deepvein;Molten Metal Well;;Скважина расплавленного металла.;;Geschmolzenes Metall-Quelle;;;熔融金属井;;
resource_name/morphium_deepvein;Morphium Well;;Скважина морфия.;;Morphium-Quelle;;;形变液井;;
resource_name/mud_deepvein;Mud Well;;Скважина грязи.;;Schlamm-Quelle;;;泥浆井;;
resource_name/nitric_acid;Nitric Acid;;Азотная кислота.;;Salpetersäure;;;硝酸;;
resource_name/nitric_acid_compressed;Packaged N.Acid;;Упакованная азотная кислота.;;Verpackte Salpetersäure;;;包装硝酸;;
resource_name/nitric_acid_deepvein;Nitric Acid Well;;Скважина азотной кислоты.;;Salpetersäure-Quelle;;;硝酸井;;
resource_name/palladium_bio;Bio-Palladium;;Биопалладий.;;Bio-Palladium;;;生物钯;;
resource_name/palladium_deepvein;Palladium Deep Vein;;Глубокая жила палладия.;;Palladium-Tiefader;;;深层钯矿脉;;
resource_name/palladium_vein;Palladium outcrop;;Выход палладия.;;Palladium-Aufschluss;;;露天钯矿;;
resource_name/petroleum;Petroleum;;Нефть.;;Erdöl;;;石油;;
resource_name/petroleum_compressed;Packaged Petroleum;;Упакованная нефть.;;Verpacktes Erdöl;;;包装石油;;
resource_name/petroleum_deepvein;Petroleum Well;;Нефтяная скважина.;;Erdölquelle;;;石油井;;
resource_name/plasma_charged_deepvein;Charged Plasma Vent;;Вентиляция заряженной плазмы.;;Geladene Plasmaquelle;;;带电等离子体喷口;;
resource_name/plasma_deepvein;Plasma Vent;;Вентиляция плазмы.;;Plasmaquelle;;;等离子体喷口;;
resource_name/reagent;Reagent;;Реагент.;;Reagenz;;;试剂;;
resource_name/reagent_compressed;Packaged Reagent;;Упакованный реагент.;;Verpacktes Reagenz;;;包装试剂;;
resource_name/reagent_deepvein;Reagent Well;;Скважина реагента.;;Reagenzquelle;;;试剂井;;
resource_name/resin_deepvein;Resin Well;;Скважина смолы.;;Harzquelle;;;树脂井;;
resource_name/sludge_deepvein;Sludge Well;;Скважина шлама.;;Schlammquelle;;;污泥井;;
resource_name/solvent;Solvent;;Растворитель.;;Lösungsmittel;;;溶剂;;
resource_name/solvent_compressed;Packaged Solvent;;Упакованный растворитель.;;Verpacktes Lösungsmittel;;;包装溶剂;;
resource_name/supercoolant_deepvein;Supercoolant Well;;Скважина суперохладителя.;;Superkühlmittelquelle;;;超级冷却剂井;;
resource_name/titanium_bio;Bio-Titanium;;Биотитан.;;Bio-Titan;;;生物钛;;
resource_name/titanium_deepvein;Titanium Deep Vein;;Глубокая жила титана.;;Tiefe Titangader;;;深层钛矿脉;;
resource_name/titanium_vein;Titanium outcrop;;Выход титана.;;Titanaufschluss;;;露天钛矿;;
resource_name/uranium_bio;Bio-Uranium;;Биоуран.;;Bio-Uran;;;生物铀;;
resource_name/uranium_depleted;Depleted Uranium;;Обеднённый уран.;;Abgereichertes Uran;;;贫铀;;
resource_name/uranium_ore_deepvein;Uranium Ore Deep Vein;;Глубокая жила урановой руды.;;Tiefe Uranerzader;;;深层铀矿脉;;
resource_name/uranium_ore_vein;Uranium Ore outcrop;;Выход урановой руды.;;Uranerzaufschluss;;;露天铀矿;;
resource_name/water_deepvein;Water Well;;Водяная скважина.;;Wasserquelle;;;水井;;
